code,provider,type,region,address,remarks
Sl.No,Provider,Provider Type,Group Provider,Remarks,
1,Dar Al Faraj Pharmacy LLC,Pharmacy,Medon Pharmacy Group,Closed,
2,Medon Pharmacy LLC Rak Branch,Pharmacy,Medon Pharmacy Group,Closed,
3,Access Clinic Ajman,Clinic,Aster Access Group,Closed,
4,Emirates Cardiology Clinic L.L.C,Clinic,,Suspension,
5,New Community Medical Center L.L.C,Clinic,,Suspension,
6,Al Sharq Family Pharmacy,Pharmacy,Al Sharq Healthcare,Only for ASNIC,
7,Al Sharq International Hospital,Hospital,Al Sharq Healthcare,Only for ASNIC,
8,Al Sharq International Hospital Pharmacy,Pharmacy,Al Sharq Healthcare,Only for ASNIC,
9,Al Sharq Medical Center Al Etihad,Clinic,Al Sharq Healthcare,Only for ASNIC,
10,Al Sharq Medical Centre Dibba,Clinic,Al Sharq Healthcare,Only for ASNIC,
11,Al Sharq Pharmacy,Pharmacy,Al Sharq Healthcare,Only for ASNIC,
12,Fujairah Port Clinic,Clinic,Al Sharq Healthcare,Only for ASNIC,
13,Fujairah Port Pharmacy,Pharmacy,Al Sharq Healthcare,Only for ASNIC,
14,Al Sharq Hospital Dibba Pharmacy,Pharmacy,Al Sharq Healthcare,Only for ASNIC,
15,Al Sharq Hospital Dibba,Hospital,Al Sharq Healthcare,Only for ASNIC,
16,Dr. Ismail Day Surgery Centre,Clinic,Dr. Ismail Group,Only for ASNIC,
17,Dr. Ismail Medical Center Al Qouz,Clinic,Dr. Ismail Group,Only for ASNIC,
18,Dr. Ismail Medical Centre Branch Muhaisnah,Clinic,Dr. Ismail Group,Only for ASNIC,
19,Dr. Ismail New Polyclinic Branch DG,Clinic,Dr. Ismail Group,Only for ASNIC,
20,Dr. Ismail Polyclinic Karama,Clinic,Dr. Ismail Group,Only for ASNIC,
21,Hafsa Pharmacy,Pharmacy,Dr. Ismail Group,Only for ASNIC,
22,New Smile Pharmacy,Pharmacy,Dr. Ismail Group,Only for ASNIC,
23,Smile Pharmacy,Pharmacy,Dr. Ismail Group,Only for ASNIC,
24,Westhill Pharmacy,Pharmacy,Dr. Ismail Group,Only for ASNIC,
25,Dr. Ismail Polyclinic Mall Jebel Ali,Clinic,Dr. Ismail Group,Only for ASNIC,
26,Dr. Ismail Polyclinic Branch Jebel Ali,Clinic,Dr. Ismail Group,Only for ASNIC,
27,Hill Life Pharmacy LLC,Pharmacy,Dr. Ismail Group,Only for ASNIC,
28,East Hill Pharmacy LLC,Pharmacy,Dr. Ismail Group,Only for ASNIC,
29,Hafsa Pharmacy Branch,Pharmacy,Dr. Ismail Group,Only for ASNIC,
30,Dr. Ismail Polyclinic Branch Deira,Clinic,Dr. Ismail Group,Only for ASNIC,
31,Grand Dr Ismail Polyclinic Pharmacy,Pharmacy,Dr. Ismail Group,Only for ASNIC,
32,Grand Dr Ismail Polyclinic LLC,Clinic,Dr. Ismail Group,Only for ASNIC,
33,International Radiology & Diagnostic Services Centre RAK,Lab/Diagnostics,IRC Group,Only for ASNIC,
34,International Radiology & Diagnostic Services Centre Branch 1,Lab/Diagnostics,IRC Group,Only for ASNIC,
35,International Radiology & Diagnostic Services Centre,Lab/Diagnostics,IRC Group,Only for ASNIC,
36,Alexis Pharmacy L.L.C,Pharmacy,Zulekha Hospital Group,Only for ASNIC,
37,Zulekha Hospital Sharjah,Hospital,Zulekha Hospital Group,Only for ASNIC,
38,Zulekha Hospital Dubai,Hospital,Zulekha Hospital Group,Only for ASNIC,
39,Zulekha Hospital Dubai Pharmacy,Pharmacy,Zulekha Hospital Group,Only for ASNIC,
40,Zulekha Hospital Sharjah Pharmacy,Pharmacy,Zulekha Hospital Group,Only for ASNIC,
41,Zulekha Medical Center,Clinic,Zulekha Hospital Group,Only for ASNIC,
42,Alexis Zulekha Pharmacy,Pharmacy,Zulekha Hospital Group,Only for ASNIC,
43,Zulekha Pharmacy Al Khan,Pharmacy,Zulekha Hospital Group,Only for ASNIC,
44,Zulekha Medical Center Al Khan,Clinic,Zulekha Hospital Group,Only for ASNIC,
45,Dr. Joy Dental Clinic Mirdiff,Clinic,Dr. Joy Dental Group,Only for NLGI,
46,Go Dental Clinic LLC,Clinic,Dr. Joy Dental Group,Only for NLGI,
47,Shams Dental Clinic Jumeirah,Clinic,Dr. Joy Dental Group,Only for NLGI,
48,Dr. Joy Dental Clinic Warqa,Clinic,Dr. Joy Dental Group,Only for NLGI,
49,Dr. Joy Dental Clinic Silicon Oasis,Clinic,Dr. Joy Dental Group,Only for NLGI,
50,Dr. Joy Dental Clinic Mirdif Sports Society,Clinic,Dr. Joy Dental Group,Only for NLGI,
51,Dr. Joy Dental Clinic Burjuman,Clinic,Dr. Joy Dental Group,Only for NLGI,
52,Thumbay Hospital LLC Ajman,Hospital,Thumbay Group,Only for ASNIC,
53,Thumbay Hospital LLC Fujairah,Hospital,Thumbay Group,Only for ASNIC,
54,Thumbay Hospital Pharmacy Ajman,Pharmacy,Thumbay Pharmacy Group,Only for ASNIC,
55,Thumbay Hospital Pharmacy Fujairah,Pharmacy,Thumbay Pharmacy Group,Only for ASNIC,
56,Thumbay Medical & Dental Speciality Center,Clinic,Thumbay Group,Only for ASNIC,
57,Thumbay Pharmacy Branch 14 Ajman,Pharmacy,Thumbay Pharmacy Group,Only for ASNIC,
58,Thumbay Pharmacy Branch 18 Ajman,Pharmacy,Thumbay Pharmacy Group,Only for ASNIC,
59,Thumbay Pharmacy Branch 4 Ajman,Pharmacy,Thumbay Pharmacy Group,Only for ASNIC,
60,Thumbay Pharmacy Branch 6 Fujairah,Pharmacy,Thumbay Pharmacy Group,Only for ASNIC,
61,Thumbay Pharmacy Branch 7 RAK,Pharmacy,Thumbay Pharmacy Group,Only for ASNIC,
62,Thumbay Pharmacy Branch 8 UAQ,Pharmacy,Thumbay Pharmacy Group,Only for ASNIC,
63,Thumbay Pharmacy LLC Deira,Pharmacy,Thumbay Pharmacy Group,Only for ASNIC,
64,Thumbay Pharmacy Branch 11 Sharjah,Pharmacy,Thumbay Pharmacy Group,Only for ASNIC,
65,Thumbay Pharmacy Branch 3 Sharjah,Pharmacy,Thumbay Pharmacy Group,Only for ASNIC,
66,Thumbay Pharmacy Branch 6 Sharjah,Pharmacy,Thumbay Pharmacy Group,Only for ASNIC,
67,Thumbay University Hospital Complex L.L.C,Hospital,Thumbay Group,Only for ASNIC,
68,Thumbay University Hospital Complex Pharmacy,Pharmacy,Thumbay Pharmacy Group,Only for ASNIC,
69,ZO & MO Opticals Ajman,Optical,Thumbay Opticals Group (ZO & MO),Only for ASNIC,
70,Thumbay Hospital Daycare Muwailah,Daycare,Thumbay Group,Only for ASNIC,
71,Thumbay Clinic Ajman,Clinic,Thumbay Group,Only for ASNIC,
72,Thumbay Clinic UAQ,Clinic,Thumbay Group,Only for ASNIC,
73,Thumbay Clinic Kalba,Clinic,Thumbay Group,Only for ASNIC,
74,Thumbay Clinic RAK,Clinic,Thumbay Group,Only for ASNIC,
75,Thumbay Clinic Abu Shagara,Clinic,Thumbay Group,Only for ASNIC,
