provider,region,remarks
AJMAN SPECIALTY GENERAL HOSPITAL,UAE,UAE
AJMAN SPECIALTY GENERAL HOSPITAL,UAE,EXCLUDING: DENTAL DEPARTMENT
ADVANCED ORTHOSPINE HEALTH CENTER,UAE,UAE
AL ALIAA POLYCLINIC,UAE,UAE | EXCLUDING: DENTAL DEPARTMENT
AL BARSHA ALNOOR POLYCLINIC LLC,UAE,"UAE | EXCLUDING: DR. RAWTHER, AZEEM"
AL DAS MEDICAL CLINIC,UAE,UAE
AL HENDAWY MEDICAL CENTER - AUH,UAE,UAE
AL JASRAIN MEDICAL CENTRE – AUH,UAE,UAE | EXCLUDING: DENTAL DEPARTMENT
AL JASRAIN MEDICAL CENTRE – AUH,UAE,
AL NOOR HOSPITAL GROUP,UAE,UAE
AL QUDRA MEDICAL CENTRE - DXB,UAE,UAE | EXCLUDING: DENTAL DEPARTMENT
AL RAHAT MEDICAL CENTRE,UAE,UAE | EXCLUDING: DENTAL DEPARTMENT
AL ZAHRAWI HOSPITAL - RAK,UAE,UAE
AMERICAN CRESCENT HEALTH CARE CENTRE,UAE,UAE | EXCLUDING: DENTAL DEPARTMENT
AMERICAN HEART CENTER - HEALTHCARE CITY,UAE,UAE
AMERICAN HOSPITAL,UAE,"UAE | ALLERGY CLINICS, FETAL MEDICINE"
AMERICAN HOSPITAL,UAE,AJAYKUMAR
FAMILY MEDICAL CENTRE LLC,UAE,UAE | AJAYKUMAR
FAMILY MEDICAL CENTRE LLC,UAE,AJAYKUMAR
BEIJING TONG REN TANG GULF FZ-LLC,UAE,UAE
BR MEDICAL SUITES FZ LLC - DXB,UAE,UAE
CARE PLUS MEDICAL CENTER - DXB,UAE,UAE | EXCLUDING: DENTAL DEPARTMENT
CLEMENCEAU MEDICAL CENTER FZ-LLC,UAE,UAE
CLEVELAND CLINIC ABU DHABI CLINIC LLC,UAE,UAE
CLEVELAND CLINIC ABU DHABI CLINIC LLC,UAE,
DR. FATHI EMARA POLYCLINIC,UAE,UAE
DR. IBRAHIM GALADARI CLINIC ( BR ),UAE,UAE
DR. WALAA FAKHR CENTER,UAE,UAE | MATERNITY ARE NOT ACCEPTED ON
DR. WALAA FAKHR CENTER,UAE,EXCLUDING: DENTAL DEPARTMENT
EMIRATES HOSPITAL GROUP,UAE,UAE | EXCLUDING: DENTAL DEPARTMENT
EMIRATES HOSPITAL GROUP,UAE,
HTK MEDICAL CENTER LLC,UAE,UAE | EXCLUDING DR. EGHE . NOSA EREYI
HEALTH POINT HOSPITAL LLC,UAE,UAE | EXCLUDING: DENTAL SERVICES
HEALTH BAY DAY SURGERY CENTRE LLC,UAE,UAE
HEALTH BAY POLYCLINIC - MIRDIFFF,UAE,UAE
HEALTH BAY POLYCLINIC BRANCH MOTOR CITY,UAE,UAE
HEALTH BAY POLYCLINIC BRANCH MOTOR CITY,UAE,
KARAMA MEDICAL CENTRE (BRANCH) - AL QUOZ,UAE,UAE
KIDS HEART MEDICAL CENTE LLC AUH,UAE,UAE
IBN NAFEES GROUP-AUH,UAE,UAE | EXCLUDING: DENTAL DEPARTMENT
HEALTH CARE,UAE,UAE
ILLINOIS POLYCLINIC,UAE,UAE
ILLINOIS POLYCLINIC,UAE,
IRANIAN HOSPITAL,UAE,UAE
IRANIAN HOSPITAL,UAE,
JUMEIRAH AMERICAN CLINIC,UAE,UAE | EXCLUDING: DR. NOHA ALI AHMAD
KIDS HEART MEDICAL CENTE LLC AUH,UAE,UAE
MEDCARE HOSPITAL GROUP,UAE,UAE
MEDCARE HOSPITAL GROUP,UAE,
MEDWIN MEDICAL CENTRE-DXB,UAE,UAE
MEDZE CLINIC,UAE,UAE
MY PEDIACLINIC FZ LLC,UAE,UAE | EXCLUDING DENTAL SERVICES
NASSER MEDICAL CONSULTANT CENTRE - DXB,UAE,UAE
NEW AL MAZROUI POLYCLINIC - AUH,UAE,UAE | EXCLUDING: DENTAL DEPARTMENT
NEW MEDICAL CENTRE,UAE,"UAE | TAYAB, SAMEH; DR. TELANG"
NEW SADD MAAREB MEDICAL CENTRE - AUH,UAE,UAE | EXCLUDING: DENTAL DEPARTMENT
NEW SADD MAAREB MEDICAL CENTRE - AUH,UAE,UAE | EXCLUDING: DENTAL SERVICES
NEW SADD MAAREB MEDICAL CENTRE - AUH,UAE,
N M C ROYAL HOSPITAL L.L.C. (AUH-KHALIFA),UAE,UAE
NMC MEDICAL CENTRE FZC,UAE,UAE
OPEN MRI FOR SPINE SURGERY-DXB,UAE,UAE
OMNICARE MEDICAL CENTRE LLC,UAE,UAE
OMNICARE MEDICAL CENTRE LLC,UAE,
QAMAR AL MADINA MEDICAL CENTER LLC,UAE,UAE
RIGHT MEDICAL CENTRE - SHJ,UAE,UAE | EXCLUDING: OB GYNE SERVICES
RIGHT MEDICAL CENTRE - SHJ,UAE,"EXCLUDING: DR. UTHRAN, THEJAS"
SAMAA MEDICAL CENTER ( BR ),UAE,UAE
SAMAA MEDICAL CENTRE,UAE,UAE
SEVEN DENTAL CENTRE,UAE,UAE
SULTAN AL OLAMA MEDICAL CENTER,UAE,UAE | MAZEN AL HAJARI AND DR. ABDUL
SYMBIOSIS MEDICAL CENTRE FZCO - DXB,UAE,UAE
SYNERGY INTEGRATED MEDICAL CENTER - DXB,UAE,UAE
SYNERGY INTEGRATED MEDICAL CENTER - DXB,UAE,
THE DOCTORS MEDICAL CENTER L.L.C.,UAE,UAE
THE DOCTORS MEDICAL CENTER L.L.C.,UAE,
TOP MEDICAL CENTER (BRANCH)- DXB,UAE,UAE
UNICARE MEDICAL CENTRE GROUP,UAE,UAE | EXCLUDING: DENTAL DEPARTMENT
RAMADA MEDICAL CENTRE,UAE,UAE | EXCLUDING DR. RANAWAT (GP)
WE CARE MEDICAL CENTER,UAE,UAE
DR. JOY DENTAL CLINIC UMM SUQEIM BRANCH,UAE,UAE
KOREHAB CLINIC FZ LLC,UAE,UAE | EXCLUDING ADNIC MEMBERS
IRANIAN HOSPITAL,UAE,UAE | EXCLUDING METLIFE MEMBERS
MEDCARE HOSPITAL GROUP,UAE,UAE | EXCLUDING: DR. NANCY AZIZ
MEDCARE HOSPITAL GROUP,UAE,EXCLUDING ADNIC MEMBERS
MEDCARE HOSPITAL GROUP,UAE,EXCLUDING ADNIC MEMBERS
IRANIAN HOSPITAL,UAE,UAE | BOTH DIRECT BILLING AND
DR. JOY DENTAL CLINIC Group,UAE,UAE | DR. Samar Alkurd and DR. Kamal
DR. JOY DENTAL CLINIC Group,UAE,EXCLUDING: DR. Mona Mady
New Apollo PolyClinic,UAE,UAE
Al Sanabil Medical Center,UAE,UAE | EXCLUDING ADNIC MEMBERS
Access Clinic Sonapur,UAE,UAE | Excluding: Dr Hamad Rashid
Life Clinics LLC,UAE,UAE | Excluding Dr. Mohammed Salman Khan
