NETWORK_ID,NETWORK_NAME,TPA,SOURCE_FILE,RECORDS
liva-al-madallah-network-list-aug-2026,Liva Al Madallah - Network List - Aug - 2026,LIVA,Liva Al Madallah - Network List - Aug - 2026.xlsx,0
liva-inayah-gold-bronze-chrome-august-2025,Liva Inayah Gold Bronze Chrome August 2025,LIVA,Liva Inayah Gold Bronze Chrome August 2025.xlsx,0
liva-inayah-opal-bh-august-2025,Liva Inayah Opal BH August 2025,LIVA,Liva Inayah Opal BH August 2025.xlsx,90
liva-mednet-international-network-list-aug-2026,Liva Mednet - International Network List - Aug - 2026,LIVA,Liva Mednet - International Network List - Aug - 2026.xlsx,0
liva-mednet-network-list-aug-2026,Liva Mednet - Network List - Aug - 2026,LIVA,Liva Mednet - Network List - Aug - 2026.xlsx,1108
liva-nas-network-list-aug-2026-value-network,Liva NAS - Network List - Aug - 2026 - Value Network,LIVA,Liva NAS - Network List - Aug - 2026 - Value Network.xlsx,903
liva-nas-network-list-aug-2026-valuelite-network,Liva NAS - Network List - Aug - 2026 - ValueLite Network,LIVA,Liva NAS - Network List - Aug - 2026 - ValueLite Network.xlsx,47
liva-nas-network-list-aug-2026-workers-lite-network,Liva NAS - Network List - Aug - 2026 - Workers Lite Network,LIVA,Liva NAS - Network List - Aug - 2026 - Workers Lite Network.xlsx,47
liva-nas-network-list-aug-2026,Liva NAS - Network List - Aug - 2026,LIVA,Liva NAS - Network List - Aug - 2026.xlsx,5157
liva-neuron-network-list-aug-2026,Liva Neuron - Network List - Aug - 2026,LIVA,Liva Neuron - Network List - Aug - 2026.xlsx,5154
liva-nextcare-network-list-aug-2026,Liva NextCare - Network List - Aug - 2026,LIVA,Liva NextCare - Network List - Aug - 2026.xlsx,4895
