name,emirate,type,region,address,license,specialty,telephone
SEHA EMIRATES HOSPITAL,ABU DHABI,HOSPITAL,ABU DHABI,AL LEDEEM STREET,MF2522,GENERAL PRACTICE,02-4438999
***LIFECARE HOSPITAL,ABU DHABI,HOSPITAL,ABU DHABI,"BANIYAS STREET, WATHBA, GATE NO. 6 AL RAHA VILLAGE",MF2349,MULTI-SPECIALITY,02-5856333
NMC SPECIALTY HOSPITAL,ABU DHABI,HOSPITAL,ABU DHABI,"ELECTRA STREET, AL KAMAL TOWERS",MF394,MULTI-SPECIALITY,02-6332255
***LLH HOSPITAL L.L.C./MF1954 (FORM LIFELINE HOSPITAL),ABU DHABI,HOSPITAL,ABU DHABI,"ELECTRA STREET, AL MARWA BUILDING",MF1954,MULTI-SPECIALITY,02-6335522
AHALIA HOSPITAL,ABU DHABI,HOSPITAL,ABU DHABI,"HAMDAN STREET, OPPOSITE BANK OF BARODA.",MF23,MULTI-SPECIALITY,02-6262666
AL AHLIA HOSPITAL LLC - MUSAFFA BRANCH / MF3107,ABU DHABI,HOSPITAL,ABU DHABI,MASSAFAH,MF3107,"GENERAL PRACTICE,GENERAL SURGEON, OB-GYNE, PEDIA, URO, ANES, DERMA, HEMA, IM, OPTHA, OTO",02-8119119
***LLH HOSPITAL  AL MUSAFFAH LLC,ABU DHABI,HOSPITAL,ABU DHABI,"MUSSAFAH, ALI KAHBOUS AL ZAABI",MF2222,MULTI-SPECIALITY,02-5557711
BURJEEL FARHA HOSPITAL L.L.C. (formerly MEDEOR 24X7 INTERNATIONAL HOSPITAL L.L.C.),ABU DHABI,HOSPITAL,AL AIN,"ASHAREJ COMMERICAL & RESIDENTIAL CENTER, BIDA BIN AMMAR, ASHAREJ, AL AIN CITY",MF4581,"FAMILY PRACTICE, GENERAL PRACTICE, INTERNAL MEDICINE, OBSTETRICS/GYNECOLOGY, GENERAL SURGERY, OTOLARYNGOLOGY, PEDIATRICS",03-7099000
***SPECIALISED MEDICAL CARE HOSPITAL,ABU DHABI,HOSPITAL,ALAIN,"AL JAHLI STREET, NEAR AL AIN MUESUM",MF464,MULTI-SPECIALITY,03-7552291
***NMC SPECIALITY HOSPITAL,ABU DHABI,HOSPITAL,ALAIN,"OUD AL HASAN STREET , AL MUTAREDH AREA",MF1974,MULTI-SPECIALITY,03-7555999
MEDEOR 24X7 HOSPITAL LLC,ABU DHABI,HOSPITAL,MADINAT ZAYED,"MUROOR ROAD, OPP EMPOST, MADINAT ZAYED AREA",MF3976,"CARDIOLOGY, GASTROENTROLOGY, PEDIATIRIC, HEMATOLOGY, GENERAL SURGERY, GYNECOLOGY, OPHTHALMOLOGY, ENT, UROLOGY, RHEUMATOLOGY, NEONATOLOGY.",02-6900600
***LIFECARE HOSPITAL LLC-BRANCH 1-LIFELINE GROUP/MF2420,ABU DHABI,HOSPITAL,MUSAFFAH,MUSAFFAH,MF2420,GENERAL PRACTICE,02-5566666
PHOENIX HOSPITAL LLC (prev. AL BUSTAN SPECIALTY HOSPITAL AUH AHALIA GROUP),ABU DHABI,HOSPITAL,MUSSAFAH,PLOT 1 SHABIA 10 MUSSAFAH,MF2482,MULTI-SPECIALITY,02-6151515
AMINA HOSPITAL LLC (Excluding Dr. Naim Satme and Dr. Sohair Mohammed El Ameen Ibrahim Ali),AJMAN,HOSPITAL,AJMAN,"NEAR EMIRATES NBD BANK, AL QUDS STREET",MOH-F-1000509,"GENERAL PRCTICE, GENERAL SURGERY, INTERNAL MEDICINE, OBSTETRICIAN & GYNECOLOGY, DENTAL, DERMATOLOGY",06-7114444
RASHID CENTER FOR DIABETES AND RESEARCH,AJMAN,HOSPITAL,AL JURF,AL JURF -UNIVERSITY STREET,MOH-F-0060020,MULTISPECIALTY,06-7147444
SHEIKH KHALIFA GENERAL HOSPITAL AJMAN,AJMAN,HOSPITAL,AL JURF,AL JURF -UNIVERSITY STREET,MOH-F-0060022,MULTISPECIALTY,06-7117081
SHEIKH KHALIFA MATERNITY AND PEDIATRIC HOSPITAL,AJMAN,HOSPITAL,AL JURF,AL JURF -UNIVERSITY STREET,MOH-F-0060021,MULTISPECIALTY,06-7117777
SHEIKH KHALIFA HOSPITAL MASFOUT,AJMAN,HOSPITAL,MASFOUT,"MASFOUT,  AJMAN",MOH-F-0060019,MULTISPECIALTY,04-8099999
ASTER HOSPITAL BR OF ASTER DM HEALTHCARE - AL QUSAIS - DUBAI ( ATSER GROUP ),DUBAI,HOSPITAL,AL QUSAIS,"A9 STREET , MUHAISNAH 4 STREET ,ASTER HOSPITAL BUILDING ,  AL QUSAIS INDUSTRIAL AREA 2 , AL QUSAIS",DHA-F-0002431,"Obstetrics & Gynaecology , Pediatrics - Baby Nursery, Neonatal Intensive, Internal Medicine, Gastroenterology, Endoscopy, Pulmonology, Cardiology, Dermatology, Endocrinology, Neurology, Nephrology, Rheumatology, General Surgery - Day Surgery, Orthopaedics,Physiotherapy, Urology, ENT, Ophthalmology, Dental Surgery, Emergency Medicine ,Anaesthesiology ,Radiology",04-3766888
ASTER DAY SURGERY CENTRE LLC-DM HEALTHCARE BR OF ASTER HOSPITAL DUBAI,DUBAI,HOSPITAL,BUR DUBAI,"KUWAIT ROAD, AL MANKHOOL AREA, AL RAFFA BUR DUBAI",DHA-F-0002227,MULTI-SPECIALITY,04-4400500
NMC ROYAL HOSPITAL LLC-DIP,DUBAI,HOSPITAL,DUBAI INVESTMENT PARK,DUBAI INVESTMENT PARK,DHA-F-0000926,MULTI-SPECIALITY,04-8108800
CEDARS JEBEL ALI INTERNATIONAL HOSPITAL - ASTER GROUP,DUBAI,HOSPITAL,JEBEL ALI,"JEBEL ALI ROAD, NEXT TO DUGAS",DHA-F-0045696,MULTI-SPECIALITY,04-4400500
ASTER HOSPITAL BR OF ASTER DM HEALTHCARE,DUBAI,HOSPITAL,MANKHOOL,"AL RAFA STREET,  MANKHOOL",DHA-F-0001169,"GS, OBSTETRICS/GYNECOLOGY, PD, DR",04-4400500
NMC SPECIALITY HOSPITAL,DUBAI,HOSPITAL,QUSAIS,"AL NADHA ROAD , NADHA 2, BEHIND SAHARA CENTER",DHA-F-0046789,MULTI-SPECIALITY,04-2679999
IRANIAN HOSPITAL,DUBAI,HOSPITAL,SATWA,"AL WASL ROAD, JUMERIAH 1",DHA-F-0001219,MULTI-SPECIALITY,04-4046752
AL SHARQ INTERNATIONAL HOSPITAL,FUJAIRAH,HOSPITAL,FUJAIRAH,FASEEL ROAD,MOH-F-1000485,MULTI-SPECIALITY,09-2249999
RAK HOSPITAL,RAS AL KHAIMAH,HOSPITAL,RAS AL KHAIMAH,"AL QUSAIDAT, RAK HOSPITAL",MOH-F-1000076,MULTI-SPECIALITY,07-2074444
CENTRAL HOSPITAL LLC,SHARJAH,HOSPITAL,MAYSALOON,"AL ZAHRA STREET , OPPOSITE TO AL ZAHRA HOSPITAL",MOH-F-1000023,MULTI-SPECIALITY,06-5639900
W. WILSON SPECIALIZED HOSPITAL,SHARJAH,HOSPITAL,TAWAUN,"OPPSITE TAAWUN MALL, 1ST FLR AL BURJ BUILDING",MOH-F-1000051,"DENTISTRY, ENT, GENERAL PRACTICE, PATHOLOGY",06-5771757
MILLENNIUM HOSPITAL L.L.C (AHALIA GROUP),ABU DHABI,HOSPITAL,MUSSAFAH,"ME 9 , BEHIND SAFEER MALL, MUSSAFAH, ABU DHABI",MF4838,MULTI SPECIALITY,02-6113333
"ASTER HOSPITAL SONAPUR LLC, MUHAISANAH (DM HEALTHCARE)",DUBAI,HOSPITAL,MANKHOOL,"Aster Hospital, Muhaisnah Algeria Street, Muhaisnah, Sonapur",DHA-F-0168844,MULTI SPECIALITY,04-4400500
ASTER HOSPITAL - SHARJAH,SHARJAH,HOSPITAL,SHARJAH,"BEHIND MEGA MALL, AL BU DANIQ, SHARJAH",8108,MULTI-SPECIALITY,04-4400500
HATTA HOSPITAL - DUBAI HEALTH AUTHORITY,DUBAI,GOVERNMENT HOSPITAL,HATTA,"HATTA, DUBAI, NEAR DUBAI WOMEN'S ASSOCIATION",DHA-F-0047969,MULTI-SPECIALITY,04-8147000
