PROVIDER CODE,PROVIDER NAME,PROVIDER TYPE,EMIRATE,REGION,ADDRESS,LICENSE NUMBER,SPECIALITY,TELEPHONE,NETWORK_TIER,SOURCE
C4191,ADVANCED CURE DIAGNOSTIC CENTER BRANCH 2-MF4377-AUH,CLINIC,ABU DHABI,AL BATEEN,AL KHALEEJ AL ARABI;VILLA ADVANCED CURE DIAGNOSTIC CENTER BRANCH 2 ;AL BATEEN,MF4377,"CARDIO,GEN,NEURO,ORTHO,PHY,OPHTHAL,URO,ENDO,GEN SUR,GASTRO,FM,ORTHODENTIST",02-4100900,Alternative,APRIL official workbook August 2026
C3394,HOME HEALTH MEDICAL CENTRE,CLINIC,ABU DHABI,MUSAFAH,MUSAFFAH SHABYIA,MF1798,GENERAL PRACTICE,02-5530162,Alternative,APRIL official workbook August 2026
C1568,SYNERGY INTEGRATED MEDICAL CENTRE,CLINIC,DUBAI,AL MANARA,AL MANARA ST,DHA-F-0047086,"GENERAL PRACTICE, GS, URO, ER",04-3485452,Alternative,APRIL official workbook August 2026
C1486,JUPITER ALNAHDA POLY CLINIC,CLINIC,DUBAI,AL NAHDA,AL NAHDA,DHA-F-0047821,"GENERAL PRACTICE, PEDIATRICS",04-2344429,Alternative,APRIL official workbook August 2026
C2027,UNICARE MEDICAL CENTRE-BRANCH,CLINIC,DUBAI,BUR DUBAI,MANKHOOL ROAD,DHA-F-0000229,"DERMA, DENTIST GENERAL PRACTICE, ORTHO",04-3980880,Alternative,APRIL official workbook August 2026
C1925,JANSONS MEDICAL CENTER,CLINIC,DUBAI,BUR DUBAI,"OPP. RAFAH POLICE STATION, KHYBER BUILDING, MEZZANINE FLOOR,",DHA-F-0045726,"DENTIST, GENERAL PRACTICE, OPHTHA",04-3939011,Alternative,APRIL official workbook August 2026
C55,UNICARE MEDICAL CENTER,CLINIC,DUBAI,BUR DUBAI,"SHK. KHALIFA BIN ZAYED ROAD, BURJUMAN COMLPEX, 1ST FLOOR, BIN HAM BUILDING",DHA-F-0045572,"OBSTETRICS AND GYNAECOLOGY,OPHTHALMOLOGY,ORTHOPAEDICS,PAEDIATRICS,EAR NOSE AND THROAT,FAMILY MEDICINE,GENERAL SURGERY,",04-3529292,Alternative,APRIL official workbook August 2026
C222,NAIF MEDICAL CENTRE,CLINIC,DUBAI,DEIRA,"FLAT 360, FIRST FLOOR, ABDULLA HUSSAIN LOOTAH, NAIF ROAD",DHA-F-0045474,GENERAL PRACTICE,04-2716224,Alternative,APRIL official workbook August 2026
C1924,COSMOPOLITAN MEDICAL CENTRE LLC Br,CLINIC,DUBAI,HOR AL ANZ,"HOR AL ANZ, ABU HAIL STREET,DEIRA,HOR AL ANZ (EAST)",DHA-F-0046740,"DENTIST, GENERAL PRACTICE, HOMEO, PEDIA",04-2687272,Alternative,APRIL official workbook August 2026
C588,FIDA MEDICAL CENTER,CLINIC,DUBAI,KARAMA,"KUWAIT STREET , KUWAIT STREET",DHA-F-0046812,"GENERAL PRACTICE,PED",04-3355357,Alternative,APRIL official workbook August 2026
C1169,EMIRATES MEDICAL CENTRE,CLINIC,SHARJAH,ABUSHAGARA,"KINF FAISAL STREET, OPP CHOITRAM SUPERMARKET",MOH7196,"GENERAL PRACTICE,DENTIST,HOMEO",06-5551666,Alternative,APRIL official workbook August 2026
C738,SHARJAH INTERNATIONAL HOLISTIC HEALTH CARE,CLINIC,SHARJAH,AL QASSIMIA,"KING ABDUL AZIZ ROAD, ABDULLAH HOUSE 3",MOH-F-1000016,"INTL.MEDICINE , OBS/GYNE , PEAD , DERMA",06-5720088,Alternative,APRIL official workbook August 2026
C1211,REEM MEDICAL DIAGNOSTIC CENTRE LLC,CLINIC,SHARJAH,ROLLA,"AL GHUWAIR, ROLLA",MOHI1314,GENERAL PRACTICE,06-5620831,Alternative,APRIL official workbook August 2026
C1839,AL BANNA MEDICAL CENTRE,CLINIC,SHARJAH,SHARJAH,"BEHIND NATIONAL BANK OF DUBAI, QASSIMIA",MOH6193,GENERAL PRACTICE,06-5752233,Alternative,APRIL official workbook August 2026
C2781,CANADIAN MEDICAL CENTER SOLE PROPRIETORSHIP LLC(FORMERLY KNOWN AS CANADIAN MEDICAL CENTER LLC )/ MF1937,CLINIC,ABU DHABI,ABU DHABI,"DELMA STREET, CORNER AIPORT ROAD",MF1937,"GD, OBSTETRICS/GYNECOLOGY, PSYCH, DERMA",02-5559999,Alternative,APRIL official workbook August 2026
C3480,CANADIAN MEDICAL & REHABILITATION CENTER LLC,CLINIC,ABU DHABI,ABU DHABI,"12TH STREET, NO. 9, KHALIFA CITY A",MF3664,"GENERAL, GENERAL DENTISTRY",02-5551151,Alternative,APRIL official workbook August 2026
P3179,NEW AL MANARA PHARMACY,PHARMACY,ABU DHABI,ABU DHABI,"KHALIDYA STREET, BESIDE PRESTIGE CAR SHOWROOM",PF1284,PHARMACY,02-6814644,Alternative,APRIL official workbook August 2026
P3785,MILLENNIUM HOSPITAL PHARMACY L.L.C(AHALIA GROUP),PHARMACY,ABU DHABI,MUSSAFAH,"ME 9 , BEHIND SAFEER MALL, MUSSAFAH, ABU DHABI",PF3097,PHARMACY,02-5649409,Alternative,APRIL official workbook August 2026
P3786,"GALAXY PHARMACY, MUSSAFAH(AHALIA GROUP)",PHARMACY,ABU DHABI,MUSSAFAH,"Opp Al Madina hypermarket, Mussaffah, Abu Dhabi",PF3073,PHARMACY,02-5575413,Alternative,APRIL official workbook August 2026
P3787,"STAR AL AHALIA PHARMACY - BRANCH 1, GAYATHI(AHALIA GROUP)",PHARMACY,ABU DHABI,GAYATHI,"Near ADCB Bank, Gayathi, Western Region, Abu Dhabi",PF3128,PHARMACY,02-8743180,Alternative,APRIL official workbook August 2026
H531,AL ZAHRA HOSPITAL DUBAI,HOSPITAL,DUBAI,SHK ZAYED RD,"SHEIKH ZAYED ROAD, AL BARSHA 1, DUBAI",DHA-F-0000035,MULTI-SPECIALITY,04-3786666,Alternative,APRIL official workbook August 2026
C247,JUPITER AL QUSAIS POLYCLINIC LLC,CLINIC,DUBAI,DEIRA,"DUBAI - SHJ ROAD, NEAR AL GHUSAIS SIGNAL DXB SHARJAH RD.",DHA-F-0045868,"MED,PED.",04-2630987,Alternative,APRIL official workbook August 2026
C1620,JUPITER SPECIALTY MEDICAL CENTER,CLINIC,DUBAI,KARAMA,"AL KARAMA METRO STATION, AL MANKOOL EXIT, VILLA 108",DHA-F-0000075,MULTI-SPECIALITY,04-3866330,Alternative,APRIL official workbook August 2026
C3515,DR. RAMI HAMED CENTER-DUBAI,HOSPITAL,DUBAI,DUBAI HEALTHCARE CITY,"BUILDING 52, DUBAI HEALTHCARE CITY",DHA-F-8764778,MULTI-SPECIALITY,04-2798200,Alternative,APRIL official workbook August 2026
