PROVIDER NAME,EMIRATE,PROVIDER TYPE,AREA,ADDRESS,TELEPHONE,SPECIALITY
YATEEM OPTICALS - ABU DHABI,AUH,OPTICAL,ABU DHABI,-,-,OPTICAL
YATEEM OPTICIAN (L.L.C)-Mall of Emirates - YATEEM GROUP,DXB,OPTICAL,AL BARSHA FIRST,Mall of Emirates Dubai,04-3414010,OPTICAL
AL JABER OPTICAL-EMAAR TOWN CENTRE,DXB,OPTICAL,EMIRATES HILLS,EMAAR TOWN CENTRE G 7 Ground Floor,04-3607466,OPTICAL
YATEEM OPTICIAN (BR)-AL RIGGA,DXB,OPTICAL,AL RIGGA,Al Riqqa Road Deira Dubai,04-2227717,OPTICAL
YATEEM OPTICIAN (BR) -JUMEIRA BEACH CENTER,DXB,OPTICAL,JUMEIRAH,Jumeirah Beach center Dubai,04-3490909,OPTICAL
YATEEM OPTICIAN (L.L.C) (BR)-EMIRATES TOWER,DXB,OPTICAL,DUBAI,Emirates Tower Dubai,04-3303301,OPTICAL
YATEEM OPTICIAN (L.L.C)-AL GHURAIR CENTER,DXB,OPTICAL,AL RIGGA,Al Ghurair Center Dubai,04-2281787,OPTICAL
YATEEM OPTICIAN (BR)-BURJUMAN CENTER,DXB,OPTICAL,KHALID BIN WALID,Burjuman Center Dubai,04-3522067,OPTICAL
YATEEM OPTICIAN (BR)- AL DIYAFA ROAD,DXB,OPTICAL,BUR DUBAI,Al Diyafa road Dubai,04-3453405,OPTICAL
YATEEM OPTICIAN (L.L.C) -MADINAT JUMEIRAH,DXB,OPTICAL,JUMEIRAH,Madinat Jumeirah Dubai,04-3686512,OPTICAL
YATEEM OPTICIAN (L.L.C) -LAMCY PLAZA,DXB,OPTICAL,OUD METHA,Lamcy Plaza Dubai,04-3347438,OPTICAL
YATEEM OPTICIAN -DUBAI MALL,DXB,OPTICAL,BUSINESS BAY,Dubai Mall Dubai,04-4340266,OPTICAL
YATEEM OPTICIAN -ARABIAN CENTER,DXB,OPTICAL,AL MIZHAR FIRST,Arabian Center Dubai,04-2845505,OPTICAL
YATEEM OPTICIAN -MIRDIF CITY CENTER,DXB,OPTICAL,MIRDIFF,Mirdif City Center Dubai,04-2840660,OPTICAL
YATEEM OPTICIAN (BR)- ATLANTIS PALM DIERA,DXB,OPTICAL,DEIRA,Atlantis Palm diera Atlantis Hotel Dubai,04-4579440,OPTICAL
YATEEM OPTICIAN L.L.C - FUJAIRAH,FUJ,OPTICAL,FUJAIRAH,Fujairah,09-2222068,OPTICAL
YATEEM OPTICIAN- AJMAN,AJM,OPTICAL,AJMAN,Lulu Ajman,06-7447658,OPTICAL
YATEEM OPTICIAN-SAHARA CENTRE,SHJ,OPTICAL,AL NAHDA FIRST,Sahara Centre Sharjah,06-5300605,OPTICAL
YATEEM OPTICIAN (BR)- ABU DHABI MALL,AUH,OPTICAL,TOURIST CLUB,Abu Dhabi Mall AbuDhabi,050-5363438,OPTICAL
YATEEM OPTICIAN (BR)- AL AIN,AUH,OPTICAL,CENTRAL DISTRICT,Al Ain Abu Dhabi UAE,050-3317814,OPTICAL
YATEEM OPTICIAN (BR)- KHALIDIA MALL - STOPPED,AUH,OPTICAL,KHALIDIYA,Khalidia Mall Abu Dhabi UAE,056-7975580,OPTICAL
YATEEM OPTICIAN (BR)- KHALIFA STREET - STOPPED,AUH,OPTICAL,KHALIFA STREET,Khalifa Street Abu Dhabi UAE,056-7043595,OPTICAL
YATEEM OPTICIAN -MADINAT ZYD SHOPPING COMPLEX - STOPPED,AUH,OPTICAL,MADINAT ZAYED,Madinat Zayed Shopping Complex Abu Dhabi UAE,050-1131982,OPTICAL
YATEEM OPTICIAN (BR)- MARINA MALL,AUH,OPTICAL,DUBAI MARINA,Marina Mall Abu Dhabi UAE,056-7363739,OPTICAL
YATEEM OPTICIAN (BR)-CRYSTAL TOWER,AUH,OPTICAL,HAMDAN,Crystal Tower Hamdan Road Abu Dhabi UAE,056-1416144,OPTICAL
YATEEM OPTICIAN -AL FARDAN,SHJ,OPTICAL,SHARJAH,AL FARDAN SHARJAH,050-4972922,OPTICAL
YATEEM VISION- JUMEIRA ZABEEL SARAY,DXB,OPTICAL,JUMEIRAH,Jumeira Zabeel Saray Dubai,04-4541466,OPTICAL
YATEEM OPTICIAN (L.L.C) -GALLERIA MALL,DXB,OPTICAL,AL WASL,Galleria Mall Wasel Street Dubai,04-3431355,OPTICAL
YATEEM OPTICIAN (L.L.C) -AL WASL VITA,DXB,OPTICAL,AL WASL,Al Wasl Vita Al Wasl Street Dubai,04-3436406,OPTICAL
YATEEM OPTICIAN-RAKMALL,RAK,OPTICAL,RAS AL KHAIMAH,Rakmall Ras Al Khaimah,07-2264001,OPTICAL
SUN EYE OPTICAL- JBR WALK,DXB,OPTICAL,JUMEIRAH BEACH RESIDENCE,THE BEACH LOCATED ON JBR ROAD THE WALK DUBAI UAE,050-4616759,OPTICAL
YATEEM OPTICIAN (BR)-AL WAHDA MALL,AUH,OPTICAL,AL WAHDA,Al Wahda Mall Abu Dhabi UAE,050-8208373,OPTICAL
YATEEM OPTICIAN (BR)-RUWAIS MALL,AUH,OPTICAL,AL RUWAIS,Ruwais Mall Ruwais Abu Dhabi UAE,056-4395250,OPTICAL
YATEEM OPTICIAN (BR)- DALMA MALL - STOPPED,AUH,OPTICAL,MUSAFFAH,Dalma Mall Mussaffah Abu Dhabi UAE,050-3173350,OPTICAL
YATEEM OPTICIAN (BR)-KHALIDIA MALL - STOPPED,AUH,OPTICAL,KHALIDIYA,Khalidia Mall Abu Dhabi UAE,050-9987359,OPTICAL
AL JABER OPTICAL-ABU DHABI MALL,AUH,OPTICAL,TOURIST CLUB,ABU DHABI MALL Unit No B74 Level 1,02-6456533,OPTICAL
AL JABER OPTICAL-AL SEEF VILLAGE - STOPPED,AUH,OPTICAL,ABU DHABI,AL SEEF VILLAGE Unit No 9 Ground Floor,-,OPTICAL
AL JABER OPTICAL-BAWABAT AL SHARQ - STOPPED,AUH,OPTICAL,ABU DHABI,BAWABAT AL SHARQ Unit No RA049 Ground Floor,02-5868717,OPTICAL
AL JABER OPTICAL-MUSHRIF MALL,AUH,OPTICAL,MUSAFFAH,MUSHRIF MALL Unit No 267 Second Floor,02-2221107,OPTICAL
AL JABER OPTICAL-DALMA MALL,AUH,OPTICAL,ABU DHABI,DALMA MALL Unit No FF115 First Floor,02-5504584,OPTICAL
AL JABER OPTICAL-YAS MALL,AUH,OPTICAL,ABU DHABI,YAS MALL Unit No G 023 Ground Floor,-,OPTICAL
AL JABER OPTICAL-BAWADI MALL,AUH,OPTICAL,ABU DHABI,BAWADI MALL Unit No G 102 Ground floor,02-7840034,OPTICAL
AL JABER OPTICAL-REMAL MALL - STOPPED,AUH,OPTICAL,ABU DHABI,REMAL MALL Unit No RG 28 Ground Floor,-,OPTICAL
AL JABER OPTICAL-AL GHURAIR,AUH,OPTICAL,AL RIGGA,AL GHURAIR Shop No G28 Ground Floor,04-2249444,OPTICAL
AL JABER OPTICAL-ARABIAN CENTER,DXB,OPTICAL,AL MIZHAR FIRST,ARABIAN CENTER Shop No 1624 Ground Floor,04-2845051,OPTICAL
AL JABER OPTICAL-ARABIAN RANCHES 2,DXB,OPTICAL,AL MIZHAR FIRST,ARABIAN RANCHES 2 Shop No GF 03 Ground Floor,-,OPTICAL
AL JABER OPTICAL-ASWAAQ - MIZHAR,DXB,OPTICAL,AL MIZHAR FIRST,ASWAAQ MIZHAR Shop No 16 Ground Floor,04-2845054,OPTICAL
AL JABER OPTICAL-BIN SOUGAT,DXB,OPTICAL,AL RASHIDIYA,BIN SOUGAT GE 01 Ground Floor at Spinneys,04-2861180,OPTICAL
AL JABER OPTICAL-CITYWALK,DXB,OPTICAL,AL SAFA FIRST,CITYWALK Unit No 51 Al Safa Road,04-3448699,OPTICAL
AL JABER OPTICAL-DEIRA CITY CENTRE,DXB,OPTICAL,DEIRA,DEIRA CITY CENTRE Unit No B68 Second Floor,04-2954400,OPTICAL
AL JABER OPTICAL-DUBAI FESTIVAL CITY,DXB,OPTICAL,DUBAI FESTIVAL CITY,DUBAI FESTIVAL CITY Zone 8 Unit SC124 Ground Floor,04-2326446,OPTICAL
AL JABER OPTICAL-DUBAI MALL,DXB,OPTICAL,BUSINESS BAY,DUBAI MALL Unit No LG 099 1 Lower Ground Floor,04-3398100,OPTICAL
AL JABER OPTICAL-DUBAI MARINA MALL,DXB,OPTICAL,DUBAI MARINA,DUBAI MARINA MALL Unit No FF 050 First Floor,04-3997733,OPTICAL
AL JABER OPTICAL-DUBAI OUTLET MALL,DXB,OPTICAL,OUTLET MALL,DUBAI OUTLET MALL Shop No 110 A GrounD Floor,04-4255828,OPTICAL
AL JABER OPTICAL-EMAAR TOWN CENTRE,DXB,OPTICAL,EMIRATES HILLS,EMAAR TOWN CENTRE G 7 Ground Floor,04-3607466,OPTICAL
AL JABER OPTICAL-IBN BATTUTA,DXB,OPTICAL,JEBEL ALI INDUSTRIAL,IBN BATTUTA Shop No 55 Tunisia Court,04-3669806,OPTICAL
AL JABER OPTICAL-JUMEIRAH TOWN CENTER,DXB,OPTICAL,JUMEIRAH,JUMEIRAH TOWN CENTER Shop No 15 Ground Floor,04-3429933,OPTICAL
AL JABER OPTICAL-LAMCY PLAZA,DXB,OPTICAL,OUD METHA,LAMCY PLAZA Unit No 242 k 201 First Floor,04-3360773,OPTICAL
AL JABER OPTICAL-MALL OF THE EMIRATES,DXB,OPTICAL,AL BARSHA,MALL OF THE EMIRATES Unit No D 17 Ground Floor,04-3411322,OPTICAL
AL JABER OPTICAL-MIRDIF CITY CENTRE,DXB,OPTICAL,MIRDIFF,MIRDIF CITY CENTRE Shop No F 050 First Floor,04-2843771,OPTICAL
AL JABER OPTICAL-SHEIKH ZAYED 1,DXB,OPTICAL,SHEIKH ZAYED ROAD,SHEIKH ZAYED 1 Ground Floor Khalid Al Attar Tower Sheikh Zayed Road,04-3311955,OPTICAL
AL JABER OPTICAL-SHEIKH ZAYED 2,DXB,OPTICAL,SHEIKH ZAYED ROAD,SHEIKH ZAYED 2 Ground Floor Al Ghadeer Building Sheikh Zayed Road,04-3326236,OPTICAL
AL JABER OPTICAL-THE WALK - JBR,DXB,OPTICAL,JUMEIRAH BEACH RESIDENCE,THE WALK JBR GM 06 Sadaf 4,-,OPTICAL
AL JABER OPTICAL-WAFI CITY,DXB,OPTICAL,DUBAI HEALTHCARE CITY,WAFI CITY First floor New Extension,04-3577775,OPTICAL
AL JABER OPTICAL-SAHARA CENTRE,SHJ,OPTICAL,AL NAHDA FIRST,SAHARA CENTRE Shop No 145 Ground Floor,06-5315445,OPTICAL
AL JABER OPTICAL-SHARJAH CITY CENTRE,SHJ,OPTICAL,INDUSTRIAL 1,SHARJAH CITY CENTRE Shop No U10B Ground Floor,06-5335424,OPTICAL
OPTX 2020 - SAHARA,SHJ,OPTICAL,AL NAHDA FIRST,SAHARA Shop No 190 Ground Floor NEW EXTENSION,06-5315445,OPTICAL
MAGRABI OPTICAL - The Jumeirah Village Center,DXB,OPTICAL,JUMEIRAH,The Jumeirah Village Center Shop 1,04-4197039,OPTICAL
MAGRABI OPTICAL - Burjuman Branch,DXB,OPTICAL,KHALID BIN WALID,Burjuman Centre 1st Floor,04-4197039,OPTICAL
MAGRABI OPTICAL - Ibn Battutta Mall,DXB,OPTICAL,JEBEL ALI INDUSTRIAL,Ibn Battutta Mall China Court Unit 147 A,04-4197039,OPTICAL
MAGRABI OPTICAL - Mall Of The Emirates,DXB,OPTICAL,AL BARSHA,Mall Of The Emirates Unit E 09 First Level,04-4197039,OPTICAL
MAGRABI OPTICAL - Dubai Outlet Mall,DXB,OPTICAL,OUTLET MALL,Dubai Outlet Mall Dubai Al Ain Highway,04-4264949,OPTICAL
MAGRABI OPTICAL - Dubai Festival City,DXB,OPTICAL,DUBAI FESTIVAL CITY,Dubai Festival City Unit SC 201,04-4197039,OPTICAL
MAGRABI OPTICAL - Dubai Mall,DXB,OPTICAL,BUSINESS BAY,Dubai Mall Shop GF 197,04-4197039,OPTICAL
MAGRABI OPTICAL - Dubai Marina Mall,DXB,OPTICAL,DUBAI MARINA,Dubai Marina Mall Shop GF 006,04-4197039,OPTICAL
MAGRABI OPTICAL - Arabian Plaza,DXB,OPTICAL,AL MIZHAR FIRST,Arabian Plaza Shop GF 1622,04-4197039,OPTICAL
MAGRABI OPTICAL - Mirdiff City Cente,DXB,OPTICAL,MIRDIFF,Mirdiff City Cente Shop D019,04-4197039,OPTICAL
MAGRABI OPTICAL - Deira City Center,DXB,OPTICAL,DEIRA,Deira City Center First Floor,04-4197039,OPTICAL
MAGRABI OPTICAL - Al Ghurair City,DXB,OPTICAL,AL RIGGA,Al Ghurair City Shop GD 40B,04-2957556,OPTICAL
MAGRABI OPTICAL - Sun Concession -MOE Harvey Nichols,DXB,OPTICAL,AL BARSHA,Mall Of The Emirates Harvey Nichols Sunspot store,04- 4098957,OPTICAL
MAGRABI OPTICAL - Sun Concession - Dubai Mall Bloomingdale's,DXB,OPTICAL,BUSINESS BAY,Dubai Mall Bloomingdale Ground Floor,04-3505333,OPTICAL
MAGRABI OPTICAL - Dubai Mall Kids,DXB,OPTICAL,BUSINESS BAY,Dubai Mall Shop 124,04-3398876,OPTICAL
AL JABER OPTICAL - FUJAIRAH CITY CENTRE,FUJ,OPTICAL,AL HLAIFAT,FUJAIRAH CITY CENTRE Unit No G018 Ground Floor,09-2283999,OPTICAL
AL JABER OPTICAL - MANAR MALL,RAK,OPTICAL,AL NAKHEEL,MANAR MALL Shop 82 Ground Floor,07-2776761,OPTICAL
MAGRABI OPTICAL - Al Hamra Mall,RAK,OPTICAL,AL HAMRA,Al Hamra Mall shop GF 14 15,04-4197039,OPTICAL
AL JABER OPTICAL - SHARJAH CITY CENTRE,SHJ,OPTICAL,INDUSTRIAL 1,SHARJAH CITY CENTRE Shop U10B Ground Floor,06-5335424,OPTICAL
AL JABER OPTICAL - SHEIKH ZAYED 2,SHJ,OPTICAL,SHEIKH ZAYED ROAD,SHEIKH ZAYED 2 Ground Floor Al Ghadeer Building Sheikh Zayed Road,04-3326236,OPTICAL
MAGRABI OPTICAL - Sharjah Mega Mall,SHJ,OPTICAL,MEGA MALL,Sharjah Mega Mall Shop G30 G31,06-5744012,OPTICAL
MAGRABI OPTICAL - Sahara Mall,SHJ,OPTICAL,AL NAHDA FIRST,Sahara Mall Ground Floor Unit G102,06-5377680,OPTICAL
MAGRABI OPTICAL - House of Fraser,AUH,OPTICAL,AL AIN,-,-,OPTICAL
GRAND OPTICS (L.L.C),DXB,OPTICAL,DEIRA,DEIRA CITY CENTER DUBAI,04-2954699,OPTICAL
GRAND OPTICS (L.L.C) BRANCH,AJM,OPTICAL,AL JURF,AJMAN CITY CENTER AJMAN,06-7480103,OPTICAL
GRAND OPTICS L.L.C,AUH,OPTICAL,DUBAI MARINA,MARINA MALL ABU DHABI,02-6814988,OPTICAL
GRAND OPTICS (L.L.C),SHJ,OPTICAL,INDUSTRIAL 1,SHARJAH CITY CENTER SHARJAH,06-5332029,OPTICAL
GRAND OPTICS (L.L.C) BR,DXB,OPTICAL,BUR DUBAI,SHINDAGAH BUR DUABI,04-3936133,OPTICAL
GRAND OPTICS (L.L.C) BR,DXB,OPTICAL,AL MIZHAR FIRST,ARABIAN RANCHES DUBAI,04-3619420,OPTICAL
GRAND OPTICS (L.L.C) BR,DXB,OPTICAL,AL BARSHA,MALL OF EMIRATES DUBAI,04-3410350,OPTICAL
GRAND OPTICS (L.L.C) BR,DXB,OPTICAL,MEADOWS,MEADOWS DUBAI,04-3609009,OPTICAL
GRAND OPTICS (L.L.C) BR,DXB,OPTICAL,JUMEIRAH,JUMERIAH BEACH RESIDENCE,04-4233809,OPTICAL
GRAND OPTICS (L.L.C) BR,DXB,OPTICAL,BUSINESS BAY,DUBAI MALL,04-3398776,OPTICAL
GRAND OPTICS (L.L.C) BRANCH-1,AUH,OPTICAL,AL AIN,BAWADI MALL ALAIN,03-7840502,OPTICAL
GRAND OPTICS (L.L.C)-BRANCH,DXB,OPTICAL,MIRDIFF,MIRDIF CITY CENTER DUBAI,04-2840056,OPTICAL
GRAND OPTICS (L.L.C) BR,DXB,OPTICAL,MOTOR CITY,UPTOWN MOTOR CITY DUBAI,04-4279833,OPTICAL
GRAND OPTICS L.L.C - BRANCH,AUH,OPTICAL,ABU DHABI,RAHA GARDENS ABUDHABI,02-5567757,OPTICAL
GRAND OPTICS L.L.C - BR 2,SHJ,OPTICAL,AL QOUZ FIRST,MATAJER ALQOUZ SHARJAH,06-5528014,OPTICAL
GRAND OPTICS - FUJAIRAH BRANCH LLC,FUJ,OPTICAL,FUJAIRAH,FUJAIRAH CITY CENTER,09-2236785,OPTICAL
GRAND OPTICS L.L.C - BR 4,SHJ,OPTICAL,SHARJAH,MATAJER AL MIRGAB SHARJAH,06-5239920,OPTICAL
GRAND OPTICS (L.L.C) BR,DXB,OPTICAL,AL RIGGA,GRAND OPTICS AL GHURAIR,04-2959656,OPTICAL
GRAND OPTICS (L.L.C) BR,DXB,OPTICAL,DIP,GRAND OPTICS DIP CARREFOUR,052-8805511,OPTICAL
GRAND SUNGLASSES,AJM,OPTICAL,AL JURF,AJMAN CITY CENTER AJMAN,06-7430913,OPTICAL
ULTRA VISION (L.L.C),DXB,OPTICAL,DEIRA,DEIRA CITY CENTER DUBAI,04-2945539,OPTICAL
GRAND OPTICS - SAHARA CENTER,SHJ,OPTICAL,AL NAHDA FIRST,GRAND OPTICS SAHARA CENTER,06-5319940,OPTICAL
MAGRABI OPTICAL - Abu Dhabi Mall,AUH,OPTICAL,AL ZAHIYAH,Abu Dhabi Mall,04-4197039,OPTICAL
MAGRABI OPTICAL - Abu Dhabi Marina Mall,AUH,OPTICAL,DUBAI MARINA,Abu Dhabi Marina Mall Ground Floor New Extension,04-4197039,OPTICAL
"MAGRABI OPTICAL COMPANY LLC MERCATO BRANCH, (MAGRABI OPTICAL COMPANY LLC)",DXB,OPTICAL,JUMEIRAH,MARCATO MALL SHOP 24 FIRST FLOOR P O BOX 31170 DUBAI UAE,04-3384221,OPTICAL
"MAGRABI OPTICAL COMPANY LLC - BRANCH OF ABU DHABI 14, (MAGRABI OPTICAL COMPANY LLC)",AUH,OPTICAL,AL AIN,SHOP G039 GROUND FLOOR AL AIN MALL P O BOX 31170 AL AIN ABU DHABI,04-3384221,OPTICAL
"MAGRABI OPTICAL COMPANY RAK BRANCH BRANCH 1 LLC, (MAGRABI OPTICAL COMPANY LLC)",RAK,OPTICAL,RAS AL KHAIMAH,RAK AL NAEEM MALL SHOP 7 GROUND FLOOR RAK,04-3384221,OPTICAL
"MAGRABI OPTICAL CO.LLC.SHJ.BR-BRANCH2,SHARJAH CC- (MAGRABI OPTICAL)",SHJ,OPTICAL,SHARJAH,SHOP NO GF B21 SHARJAH CITY CENTER,04-3384221; 06-5257275,OPTICAL
"MAGRABI OPTICAL COMPANY LLC-BRANCH OF ABU DHABI 13, RBSS (MAGRABI OPTICAL)",AUH,OPTICAL,ABU DHABI,BACK SIDE OF AL WAHDA MALL ABU DHABI AIRPORT STREET RASHID BIN SAYED STREET,02-6435690,OPTICAL
"MAGRABI OPTICAL COMPANY LLC - BRANCH OF ABU DHABI 10, (MAGRABI OPTICAL COMPANY LLC)",AUH,OPTICAL,ABU DHABI,YAS MALL SHOP L1 152 ABU DHABI,04-3384221,OPTICAL
MAGRABI OPTICAL COMPANY LLC FUJAIRAH BRANCH- FUJAIRAH MALL-(MAGRABI OPTICAL),FUJ,OPTICAL,FUJAIRAH,FUJAIRAH MALL GROUND FLOOR RC058,04-3384221; 09-2220398,OPTICAL
"MAGRABI OPTICAL COMPANY LLC GOLDEN MILE BRANCH, (MAGRABI OPTICAL COMPANY LLC)",DXB,OPTICAL,PALM JUMEIRAH,GOLDEN MILE 1 B2 RT 04 THE PALM JUMEIRAH DUABI,04-3384221,OPTICAL
"MAGRABI OPTICAL COMPANY LLC - BRANCH OF ABU DHABI 11, (MAGRABI OPTICAL COMPANY LLC)",AUH,OPTICAL,AL AIN,AL HILI MALL LEVEL 1 SHOP RB 052 ABU DHABI,04-3384221,OPTICAL
"MAGRABI OPTICAL COMPANY LLC BRANCH,INTERNATIONAL CITY- (MAGRABI OPTICAL COMPANY LLC)",DXB,OPTICAL,INTERNATIONAL CITY,INTERNATIONAL CITY FRANCE P27 DUBAI,04-3384221,OPTICAL
MAGRABI OPTICAL COMPANY LLC BRANCH SZR- SZR-(MAGRABI OPTICAL),DXB,OPTICAL,DUBAI,SHOP NO 2 COMMERCIAL ASPIN TOWER NEAR TO SHANGRI LA HOTEL,04-3384221; 04-3591866,OPTICAL
"MAGRABI OPTICAL COMPANY LLC - BRANCH OF ABU DHABI 12, (MAGRABI OPTICAL COMPANY LLC)",AUH,OPTICAL,MUROOR,MUSHRIF MALL 1ST FLOOR SHOP 110 MUROOR STREET ABU DHABI,04-3384221,OPTICAL
"STYLE 88 BR OF EXCEL ENTERPRISES LLC , MALL OF THE EMIRATES (RIVOLI GROUP)",DXB,OPTICAL,AL BARSHA FIRST,MALL OF THE EMIRATES DUBAI,043990681,OPTICAL
"RIVOLI EYEZONE BR OF EXCEL, ENTERPRISES, DUBAI FESTIVAL CITY (RIVOLI GROUP)",DXB,OPTICAL,DUBAI FESTIVAL CITY,Dubai Festival City Mall Dubai,04-2326670,OPTICAL
"RIVOLI EYEZONE BR OF EXCEL, ENTERPRISES, MIRDIF (RIVOLI GROUP)",DXB,OPTICAL,MIRDIFF,Sheikh Mohammed Bin Zayed Road E311 Road Dubai Mirdiff City Centre Dubai,04-42843690,OPTICAL
"RIVOLI EYEZONE BR OF EXCEL, ENTERPRISES, BURJUMAN (RIVOLI GROUP)",DXB,OPTICAL,BUR DUBAI,Burjuman Center Dubai,04-3516788,OPTICAL
"RIVOLI EYEZONE BR OF EXCEL, ENTERPRISES LLC RAK BR, RAK (RIVOLI GROUP)",RAK,OPTICAL,RAS AL KHAIMAH,NAEEM MALL RAK,07-2339184,OPTICAL
"RIVOLI EYEZONE BR OF EXCEL, ENTERPRISES, DUBAI MALL (RIVOLI GROUP)",DXB,OPTICAL,DOWNTOWN,Second Floor The Dubai Mall، Down Town Dubai,04-3253182,OPTICAL
GRAND OPTICS L.L.C BRANCH - JUMEIRAH,DXB,OPTICAL,JUMEIRAH,Shop G09 Jumeirah Union Coop Jumeirah 3 Dubai,044086334,OPTICAL
"ASTER OPTICS 5 BR PF ASTER OPTICALS LLC, AL SAFA",DXB,OPTICAL,AL SAFA FIRST,Shop 1 Matloob Building Al Safa 1 Sheikh Zayed Road Near to Medcare Eye care Hospital Dubai,044086334,OPTICAL
"GRAND OPTICS , DEIRA CITY CENTER",DXB,OPTICAL,DEIRA,Unit E19 Ground Floor Deira City Centre Dubai,044086334,OPTICAL
GRAND OPTICS (BR.MIRDIF CITY CENTRE),DXB,OPTICAL,MIRDIFF,Unit C012 Ground Floor Mirdiff City Centre Sheikh Mohammed Bin Zayed Rd Dubai,044086334,OPTICAL
"ASTER OPTICS BR OF ASTER PHARMACIES GROUP LLC, BUR DUBAI",DXB,OPTICAL,BUR DUBAI,Bait al Waleed Building Kalid Bin Waleed Road Near to Al Fahidi Metro Station Burdubai,044086334,OPTICAL
"ASTER OPTICS 6 BR PF ASTER OPTICALS LLC, DISCOVERY GARDENS",DXB,OPTICAL,DISCOVERY GARDENS,Dpv Rtl 07 Discovery Pavilion Building Discovery Garden Jebel Ali 1 Dubai UAE,044086334,OPTICAL
"ASTER OPTICS 3 BR PF ASTER OPTICALS LLC, KARAMA",DXB,OPTICAL,AL KARAMA,Mohammed and Rasheed Khalifa Building Iranian School Road Opposite to Union Medical CenterKarama DUBAI,044086334,OPTICAL
GRAND OPTICS DUBAI MALL,DXB,OPTICAL,DOWNTOWN,2nd Floor Unit SF110 The Dubai Mall Sheikh Mohammed Bin Rashed Boulevard Downtown Dubai,044086334,OPTICAL
"ASTER OPTICS 7 BR PF ASTER OPTICALS LLC, PALM JUMEIRAH",DXB,OPTICAL,PALM JUMEIRAH,Shop 15B The Pointe Nakheel Mall Palm Jumeirah Dubai,044086334,OPTICAL
GRAND OPTICS LLC - ARABIAN RANCHES,DXB,OPTICAL,ARABIAN RANCHES,Wadi Al Safa Arabian Ranches Dubai,044086334,OPTICAL
"ASTER OPTICS 4 BR PF ASTER OPTICALS LLC, QUSAIS",DXB,OPTICAL,AL QUSAIS,Shop No 2 Al Qusais Buliding Damascus Street Al Qusais,044086334,OPTICAL
ASTER OPTICALS L.L.C - BRANCH OF ABU DHABI 1 - MF4640,AUH,OPTICAL,KHALIFA CITY,Shop Number G16 Gardens Plaza Raha Garden Near to Startbucks Khalifa city Abu dhabi,044086334,OPTICAL
"RIVOLI EYE ZONE BRANCH OF EXCEL ENTERPRISES L L C - BRANCH OF ABU DHABI 5, AL WAHDA MALL(RIVOLI GROUP)",AUH,OPTICAL,AL WAHDA,AL WAHDA MALL ABU DHABI,043765223,OPTICAL
"RIVOLI EYE ZONE BR OF EXCEL ENTERPRISES LLC, DUBAI MALL LOWER GROUND(RIVOLI GROUP)",DXB,OPTICAL,DOWNTOWN,DUBAI MALL LOWER GRAND FLOOR DUBAI,043765223,OPTICAL
"RIVOLI EYE ZONE BR OF EXCEL ENTERPRISES LLC, IBN BATTUTA MALL(RIVOLI GROUP)",DXB,OPTICAL,JEBEL ALI,IBN BATTUTA MALL DUBAI,043765223,OPTICAL
"RIVOLI EYE ZONE BR OF EXCEL ENTERPRISES L L C, DEIRA CITY CENTRE(RIVOLI GROUP)",DXB,OPTICAL,DEIRA,DEIRA CITY CENTRE DUBAI,043765223,OPTICAL
RIVOLI EYE ZONE BR OF EXCEL ENTERPRISES LLC NAKHEEL MALL(RIVOLI GROUP),DXB,OPTICAL,PALM JUMEIRAH,NAKHEEL MALL PALM JUMEIRAH DUBAI,043765223,OPTICAL
"RIVOLI EYE ZONE BR OF EXCEL ENTERPRISES LLC, DUBAI FESTIVAL PLAZA(RIVOLI GROUP)",DXB,OPTICAL,JEBEL ALI,DUBAI FESTIVAL PLAZA JEBEL ALI DUBAI,043765223,OPTICAL
"RIVOLI EYE ZONE (BRANCH OF EXCEL ENTERPRISES )LLC - BRANCH OF ABU DHABI 4, BAWADI MALL(RIVOLI GROUP)",AUH,OPTICAL,BAWADI MALL,BAWADI MALL AL AIN,043765223,OPTICAL
"RIVOLI EYE ZONE BR OF EXCEL ENTERPRISES LLC, WAITROSE MOTORCITY(RIVOLI GROUP)",DXB,OPTICAL,MOTOR CITY,WAITROSE MOTOR CITY DUBAI,043765223,OPTICAL
"RIVOLI EYE ZONE OF EXCEL ENTERPRISES LLC FUJAIRAH 1, FUJAIRAH(RIVOLI GROUP)",FUJ,OPTICAL,AL NIJAIMAT,FUJAIRAH MALL FUJAIRAH,043765223,OPTICAL
"RIVOLI EYE ZONE OF EXCEL ENTERPRISES LLC SHJ 1, MEGA MALL(RIVOLI GROUP)",SHJ,OPTICAL,MEGA MALL,MEGA MALL ABU DANQ SHARJAH,043765223,OPTICAL
"RIVOLI EYE ZONE OF EXCEL ENTERPRISES LLC SHJ, SAHARA MALL(RIVOLI GROUP)",SHJ,OPTICAL,AL NAHDA FIRST,SAHARA MALL AL NAHDA SHARJAH,043765223,OPTICAL
"RIVOLI EYE ZONE OF EXCEL ENTERPRISES LLC SHJ 3, ZAHIA CITY CENTRE MALL(RIVOLI GROUP)",SHJ,OPTICAL,AL ZAHIA,ZAHIA CITY CENTRE MALL ZAHIA SHARJAH,043765223,OPTICAL
"EYEZONE BR OF EXCEL ENTERPRISES L.L.C , OUTLET MALL(RIVOLI GROUP)",DXB,OPTICAL,OUTLET MALL,OUTLET MALL DUBAI,043765223,OPTICAL
"AVANTI WORLDS FINEST EYEWEAR BR OF EXCEL ENTERPRISES LLC, DEIRA CITY CENTRE(RIVOLI GROUP)",DXB,OPTICAL,DEIRA,DEIRA CITY CENTRE DUBAI,043765223,OPTICAL
"RIVOLI BR OF RIVOLI ENTERPRISES LLC ,AL FAHIDI(RIVOLI GROUP) - STOPPED",DXB,OPTICAL,BUR DUBAI,AL FAHIDI DUBAI,043765223,OPTICAL
"AVANTI WORLDS FINEST EYEWEAR BR OF EXCEL ENTERPRISES LLC, DUBAI MALL(RIVOLI GROUP)",DXB,OPTICAL,DOWNTOWN,DUBAI MALL DOWNTOWN DUBAI,043765223,OPTICAL
RIVOLI EYE ZONE BR OF EXCEL ENTERPRISES LLC AL GHURAIR (RIVOLI GROUP),DXB,OPTICAL,BUR DUBAI,AL GHURAIR MURAQQABAT DUBAI,043765223,OPTICAL
"RIVOLI EYZONE BRANCH OF EXCEL INTERPRISS LLC -BRANCH OF ABU DHABI, YAS MALL(RIVOLI GROUP)",AUH,OPTICAL,YAS ISLAND,YAS MALL ABU DHABI,043765223,OPTICAL
LIFE OPTICALS CO.LLC - AL WARQA (LIFE OPTICAL LLC),DXB,OPTICAL,AL WARQAA,Shop 4 to 8 Raja Sister Building Plot 421 688 Opposite to Al Kabayal Al Warqa Dubai UAE,045610000,OPTICAL
"RIVOLI EYE ZONE BR OF EXCEL ENTERPRISES LLC, MALL OF EMIRATES(RIVOLI GROUP)",DXB,OPTICAL,AL BARSHA,MALL OF THE EMIRATES DUBAI,043765223,OPTICAL
"RIVOLI EYE ZONE BRANCH OF EXCEL ENTERPRISES LLC, OASIS CENTER(RIVOLI GROUP)",DXB,OPTICAL,SHEIKH ZAYED ROAD,OASIS CENTRE DUBAI,043765223,OPTICAL
AL NOOR OPTICAL LLC 2,RAK,OPTICAL,DHAID,Al Naeem City Center Al Dhaid RAK,07-2353554,OPTICAL
"STYLE 88 BR OF EXCEL ENTERPRISES LLC, OUTLET VILLAGE(RIVOLI GROUP)",DXB,OPTICAL,DUBAI,OUTLET VILLAGE DUBAI LAND DUBAI,043765223,OPTICAL
"EYEYZONE ( BR OF EXCEL ENTERPRISES ) BRANCH OF ABU DHABI 1, WAHDA MALL(RIVOLI GROUP)",AUH,OPTICAL,AL WAHDA,AL WAHDA MALL ABU DHABI,043765223,OPTICAL
RIVOLI BR OF RIVOLI ENTERPRISES LLC DUBAI MARINA (RIVOLI GROUP),DXB,OPTICAL,MARINA,DUBAI MARINA MALL DUBAI,043765223,OPTICAL
"AVANTI WORLDS FINEST EYEWEAR BR OF EXCEL ENTERPRISES LLC, MALL OF EMIRATES(RIVOLI GROUP)",DXB,OPTICAL,AL BARSHA,MALL OF THE EMIRATES DUBAI,043765223,OPTICAL
RIVOLI EYE ZONE -BRANCH OF EXCEL ENTERPRISES LLC - ABU DHABI (RIVOLI GROUP),AUH,OPTICAL,KHALIDIYA,KHALIDIYAH MALL ABU DHABI,043765223,OPTICAL
"EYEZONE ( BR OF EXCEL ENTERPRISES (L.L.C)) - BRANCH OF ABU DHABI 2, MARINA MALL(RIVOLI GROUP)",AUH,OPTICAL,MARINA,MARINA MALL ABU DHABI,043765223,OPTICAL
"EYEZONE (BR OF EXCEL ENTRPRISES (L L C)- BRANCH OF ABU DHABI 3, GALLERIA MALL (RIVOLI GROUP)",AUH,OPTICAL,AL MARYAH ISLAND,GALLERIA MALL ABU DHABI,043765223,OPTICAL
"RIVOLI EYE ZONE BR OD EXCEL ENTERPRISES ( L.L.C ) - BRANCH OF ABU DHABI 3, DALMA MALL (RIVOLI GROUP)",AUH,OPTICAL,MUSAFFAH,DALMA MALL ABU DHABI,043765223,OPTICAL
"RIVOLI EYE ZONE BR OF EXCEL ENTERPRISES - BRANCH OF ABU DHABI 4, BAWABAT AL SAHRQ(RIVOLI GROUP)",AUH,OPTICAL,BAWABAT,BAWABAT AL SHARQ ABU DHABI,043765223,OPTICAL
"RIVOLI EYE ZONE BRANCH OF EXCEL ENTERPRISES L L C - BRANCH OF ABU DHABI 4 - BRANCH OF ABU DHABI 5,JIMI MALL(RIVOLI GROUP)",AUH,OPTICAL,AL JIMI,JIMI MALL AL AIN,043765223,OPTICAL
AL NOOR OPTICALS LLC 1,RAK,OPTICAL,RAS AL KHAIMAH,AL HISN ROAD AL Yayis Building RAS AL KHAIMAH,07-2330010,OPTICAL
AL NOOR OPTICAL SHOP LLC,RAK,OPTICAL,RAS AL KHAIMAH,Al Manama Ras AL Khaimah Road Ghobash building Nakheel,07-2225123,OPTICAL
"RIVOLI EYE ZONE ( BRANCH OF EXCEL ENTERPRISES) L L C - BRANCH OF ABU DHABI 3,AVANTI YAS MALL(RIVOLI GROUP)",AUH,OPTICAL,YAS ISLAND,YAS MALL ABU DHABI,043765223,OPTICAL
"RIVOLI EYEZONE OF EXCEL ENTERPRISES RAK LLC 1, RAK(RIVOLI GROUP)",RAK,OPTICAL,AL NAKHEEL,MANAR MALL RAS AL KHAIMAH,043765223,OPTICAL
"RIVOLI EYE ZONE OF EXCEL ENTERPRISES LLC SHJ 2, SHARJAH CITY CENTRE(RIVOLI GROUP)",SHJ,OPTICAL,AL NAHDA FIRST,SHARJAH CITY CENTRE NAHDA SHARJAH,043765223,OPTICAL
LIFE OPTICALS LLC BRANCH - JVC (LIFE OPTICAL LLC),DXB,OPTICAL,JUMEIRAH VILLAGE CIRCLE,G075B The Circle Mall JVC Dubai UAE,045610000,OPTICAL
"RIVOLI EYE ZONE BR OF EXCEL ENTERPRISES LLC MERCATO, MERCATO MALL(RIVOLI GROUP)",DXB,OPTICAL,JUMEIRAH,MERCATO MALL JUMEIRAH FIRST DUBAI,043765223,OPTICAL
"STYLE 88 BR OF EXCEL ENTERPRISES LLC DFC, FESTIVAL CITY(RIVOLI GROUP)",DXB,OPTICAL,DUBAI FESTIVAL CITY,DUBAI FESTIVAL CITY,043765223,OPTICAL
RIVOLI EYE ZONE OF EXCEL ENTERPRISES LLC FUJAIRAH (RIVOLI GROUP),FUJ,OPTICAL,AL HLAIFAT,FUJAIRAH CITY CENTRE FUJAIRAH,043765223,OPTICAL
"RIVOLI EYE ZONE (BRANCH OF EXCEL ENTERPRISES) - BRANCH OF ABU DHABI 1, AL AIN MALL(RIVOLI GROUP)",AUH,OPTICAL,CENTRAL DISTRICT,AL AIN MALL AL AIN,043765223,OPTICAL
"AVANTI WORLDS FINEST EYEWEAR BR OF EXCEL ENTERPRISES LLC, MIRDIF CITY CENTRE(RIVOLI GROUP)",DXB,OPTICAL,MIRDIF,MIRDIF CITY CENTRE DUBAI,043765223,OPTICAL
"RIVOLI EYEZONE BR OF EXCEL ENTERPRISES LLC TDM3, DUBAI MALL(RIVOLI GROUP)",DXB,OPTICAL,DOWNTOWN,DUBAI MALL DUBAI,043765223,OPTICAL
"RIVOLI EYE ZONE (BRANCH OF EXCEL ENTERPRISES LLC - BRANCH OF ABU DHABI 1, ABU DHABI MALL(RIVOLI GROUP)",AUH,OPTICAL,AL ZAHIYAH,ABU DHABI MALL ABU DHABI,043765223,OPTICAL
"RIVOLI EYE ZONE BRANCH OF EXCEL ENTERPRISES L L C - BRANCH OF ABU DHABI 8, GALLERIA MALL (RIVOLI)",AUH,OPTICAL,Al Maryah Island,11135 First Floor Next to Samsung Main Entrance P4 Galleria Mall,02-6260121,OPTICAL
GRAND OPTICS - AL BARSHA,DXB,OPTICAL,AL BARSHA,Unit B39 Ground Floor Mall of the Emirates Al Barsha Dubai,044086334,OPTICAL
Magrabi Optical - Golden Mile- DXB,DXB,OPTICAL,-,-,-,OPTICAL
OPTIC LINE LLC,SHJ,OPTICAL,DHAID,Khalifa Center Al Dhaid RAK,07-2353554,OPTICAL
AL NOOR OPTICAL LLC 2,SHJ,OPTICAL,AL ZAHRA,Al Naeem City Center Al Dhaid RAK,07-2353554,OPTICAL
AL NOOR OPTICAL SHOP LLC,RAK,OPTICAL,AL NAKHEEL,Al Manama Ras AL Khaimah Road Ghobash building Nakheel,07-2225123,OPTICAL
TAMAM OPTICAL LLC,SHJ,OPTICAL,AL QUASIS,BELRASHEED BUILDING NEAR FORTUNE PLAZA HOTEL AL NAHDA ROAD AL QUSAIS DUBAI UAE,04-2520636,OPTICAL
AL TAMAM OPTICS SHARJAH,SHJ,OPTICAL,AL ZAHRA,ALZAROUNI BUILDING IN BETWEEN AL REEM BAKERY MUSALLAH PARK AL ZAHRA STREET SHARJAH,06-5616057,OPTICAL
OPTX 2020 - DCC,DXB,OPTICAL,DEIRA,DCC Shop No E08B Lower Ground Floor,04-2502277,OPTICAL
OPTX 2020 - MOE,DXB,OPTICAL,AL BARSHA,MOE Shop No B11b Ground Floor,04-3850509,OPTICAL
MAGRABI OPICAL COMPANY LLC (DUBAI HILLS),DXB,OPTICAL,DUBAI HILLS,"Dubai Hills Mall, Al Khail Rd - Dubai",056 408 4851,OPTICAL
"MAGRABI OPTICAL CO LLC SHJ 3, AL ZAHIA MALL",SHJ,OPTICAL,AL ZAHIA,Al ZAHIA CITY CENTER SHARJAH,056 408 4851,OPTICAL
MAGRABI OPICAL COMPANY LLC (SPRING SOUKS),DXB,OPTICAL,SPRINGS,AL khamila Street - Spring Souks,056 408 4851,OPTICAL
DOCTOR M OPTICAL BR OF MAGRABI OPTICAL COMPANY L L C SHJ,SHJ,OPTICAL,AL NAHDA 1,SAHARA MALL,056 408 4851,OPTICAL
