PROVIDER NAME,EMIRATE,PROVIDER TYPE,AREA,ADDRESS,TELEPHONE,lat,lon,SOURCE
"Al Qassimi Hospital-Ministry of Health","Sharjah","Hospital","sharjah","","65386444","","","https://www.medifinder.ae/medical/networks/fmc/standard-network-3"
"AL SAHA WA AL SHIFAA HOSPITAL","Sharjah","Hospital","","","65632618","","","https://www.medifinder.ae/medical/networks/fmc/standard-network-3"
"ASTER HOSPITAL","Sharjah","Hospital","al qasimia","","65997200","","","https://www.medifinder.ae/medical/networks/fmc/standard-network-3"
"Aster Hospital Sonapur LLC, Muhaisanah (DM Healthcare)","Dubai","Hospital","","","43766888","","","https://www.medifinder.ae/medical/networks/fmc/standard-network-3"
"Um Al Quwain Hospital-Ministry of Health","Umm Al Quwain","Hospital","","","67656888","","","https://www.medifinder.ae/medical/networks/fmc/standard-network-3"
"Hamdan Medical Centre","Abu Dhabi","Clinic","al ain","","37654797","","","https://www.medifinder.ae/medical/networks/fmc/standard-network-3"
"Muhaisna Specialist Medical Centre","Dubai","Clinic","bur dubai","","42644155","","","https://www.medifinder.ae/medical/networks/fmc/standard-network-3"
"University of Sharjah Girls' Clinic (Muwaileh)-Sharjah","Sharjah","Clinic","university of sharjah","","65052391","","","https://www.medifinder.ae/medical/networks/fmc/standard-network-3"
"Al Ameen Clinic","Abu Dhabi","Clinic","electra","","26339722","","","https://www.medifinder.ae/medical/networks/fmc/standard-network-3"
"Paradise Plus Poly Clinic (Dip 2) Dubai","Dubai","Clinic","dip 2","","48848270","","","https://www.medifinder.ae/medical/networks/fmc/standard-network-3"
"AL SHIFA MEDICAL CENTER 1","Sharjah","Clinic","khorfakkan","","92384288","","","https://www.medifinder.ae/medical/networks/fmc/standard-network-3"
"ANGEL WINGS MEDICAL CENTRE LLC","Dubai","Clinic","al barsha","","43936211","","","https://www.medifinder.ae/medical/networks/fmc/standard-network-3"
"Dr. Rajeevan Medical Centre - Ajman","Ajman","Clinic","industrial area","","674313300506268565","","","https://www.medifinder.ae/medical/networks/fmc/standard-network-3"
"Specialized Medical Center University of Sharjah (Muwaileh) Sharjah","Sharjah","Clinic","university of sharjah","","65050244","","","https://www.medifinder.ae/medical/networks/fmc/standard-network-3"
"Abeer Al Noor Polyclinic LLC Branch, DEIRA(ABEER Al Noor Group)","Dubai","Clinic","muhaisnah","","42428849","","","https://www.medifinder.ae/medical/networks/fmc/standard-network-3"
"Advanced Medical Centre (Al Bustan) Ajman","Ajman","Clinic","lulu area","","67459969","","","https://www.medifinder.ae/medical/networks/fmc/standard-network-3"
"Ahlan Wa Sahlan Medical Center","Sharjah","Clinic","nahda","","65306161","","","https://www.medifinder.ae/medical/networks/fmc/standard-network-3"
"AILABOUNI CLINIC","Abu Dhabi","Clinic","al salam street","","26440125","","","https://www.medifinder.ae/medical/networks/fmc/standard-network-3"
"Al Afdal Medical Centre (King Abdul Aziz St) Sharjah","Sharjah","Clinic","al qassimia","","65590007","","","https://www.medifinder.ae/medical/networks/fmc/standard-network-3"
"AL AFDAL MEDICAL CENTRE(New)_MOH-F-1000337","Sharjah","Clinic","king abdul aziz","","65590007","","","https://www.medifinder.ae/medical/networks/fmc/standard-network-3"
"Al Amumah Medical Center (Lifeline Clinic)","Sharjah","Clinic","abu shagara","","65667661","","","https://www.medifinder.ae/medical/networks/fmc/standard-network-3"
"Al Amumah Medical Center(New)_MOH-F-1000219","Sharjah","Clinic","al nabaah","","65667661","","","https://www.medifinder.ae/medical/networks/fmc/standard-network-3"
"AL ARIF HEART & CHILDRENS MEDICAL CENTRE LLC","Sharjah","Clinic","rolla","","65639800","","","https://www.medifinder.ae/medical/networks/fmc/standard-network-3"
"Al Azhar Clinic - (Dip) Branch 2 - Dubai","Dubai","Clinic","jebel ali","","48800545","","","https://www.medifinder.ae/medical/networks/fmc/standard-network-3"
"Al Azhar Clinic - (Dip) Branch 2 - Dubai","Dubai","Clinic","dubai investment park","","48895306","","","https://www.medifinder.ae/medical/networks/fmc/standard-network-3"
"Al Banna Medical Centre","Sharjah","Clinic","king faisal street / abu shagara","","65752233","","","https://www.medifinder.ae/medical/networks/fmc/standard-network-3"
"Al Barsha Al Noor Polyclinic - Dubai","Dubai","Clinic","al barsha","","42218122","","","https://www.medifinder.ae/medical/networks/fmc/standard-network-3"
"AL HASHMI MEDICAL CENTRE","Sharjah","Medical Center","fujairah","","92386795","","","https://www.medifinder.ae/medical/networks/fmc/standard-network-3"
"AL MAHBAH CLINIC","Sharjah","Clinic","sajja","","508775876","","","https://www.medifinder.ae/medical/networks/fmc/standard-network-3"
"AL MANSOUR MEDICAL CENTRE","Sharjah","Clinic","buhaira cornich","","65372050","","","https://www.medifinder.ae/medical/networks/fmc/standard-network-3"
"Al Nuaimia Clinic - Ajman","Ajman","Clinic","industrial area","","67432262","","","https://www.medifinder.ae/medical/networks/fmc/standard-network-3"
"AL RAHA CLINIC - AJMAN","Ajman","Clinic","lulu area","","67473100","","","https://www.medifinder.ae/medical/networks/fmc/standard-network-3"
"AL RAHA CLINIC - DUBAI","Dubai","Clinic","bur dubai","","43517272","","","https://www.medifinder.ae/medical/networks/fmc/standard-network-3"
"Al Safi Medical Center LLC","Sharjah","Clinic","al sajaa","","65551973","","","https://www.medifinder.ae/medical/networks/fmc/standard-network-3"
"Al Sanaiya Medical Clinic BR (Al Quoz) - Dubai","Dubai","Clinic","al quoz","","43407548","","","https://www.medifinder.ae/medical/networks/fmc/standard-network-3"
"AL SHIFA AL KHALEEJI MEDICAL CENTRE - SHARJAH (formerly BILAL MEDICAL CENTRE)","Sharjah","Clinic","industrial area","","653285585324224","","","https://www.medifinder.ae/medical/networks/fmc/standard-network-3"
"Al SHIFA MEDICAL CENTRE_KHORFAKKAN","Sharjah","Clinic","fujairah","","92384288","","","https://www.medifinder.ae/medical/networks/fmc/standard-network-3"
"Al Shrooq Polyclinic - Ajman","Ajman","Clinic","karama area","","674556880502913014","","","https://www.medifinder.ae/medical/networks/fmc/standard-network-3"
"Al Siddiq Medical Centre","Sharjah","Clinic","dhaid","","68822046","","","https://www.medifinder.ae/medical/networks/fmc/standard-network-3"
"Al Wahda Medical Centre - Sharjah","Sharjah","Clinic","al nahda 1","","65259888","","","https://www.medifinder.ae/medical/networks/fmc/standard-network-3"
"Al Zhoor Medical Center","Abu Dhabi","Clinic","thouba street","","37857365","","","https://www.medifinder.ae/medical/networks/fmc/standard-network-3"
"Alfa Clinica Medical Centre","Fujairah","Clinic","al faseel road","","92222932","","","https://www.medifinder.ae/medical/networks/fmc/standard-network-3"
"ALIBTESAMAH ALJAMILAH MEDICAL CENTRE","Sharjah","Clinic","majaz","","65599828","","","https://www.medifinder.ae/medical/networks/fmc/standard-network-3"
"Care for You Medical Centre","Umm Al Quwain","Clinic","al muqta","","66787382","","","https://www.medifinder.ae/medical/networks/fmc/standard-network-3"
"CAREPOINT MEDICAL CENTER","Ras Al Khaimah","Clinic","al nakheel","","72333370","","","https://www.medifinder.ae/medical/networks/fmc/standard-network-3"
"Dibba Medical Centre(New)_MOH-F-1000210","Fujairah","Clinic","fujairah","","92447447","","","https://www.medifinder.ae/medical/networks/fmc/standard-network-3"
"Doctors Medical Center - Sharjah","Sharjah","Clinic","al soor","","65632100","","","https://www.medifinder.ae/medical/networks/fmc/standard-network-3"
"Dr. Ismail Medical Center - Al Karama Dubai","Dubai","Clinic","karama","","43376808","","","https://www.medifinder.ae/medical/networks/fmc/standard-network-3"
"Dr. Ismail Polyclinic Branch - Jebel Ind2 - Dubai","Dubai","Clinic","jebel ali","","48877750","","","https://www.medifinder.ae/medical/networks/fmc/standard-network-3"
"DR.ISMAIL Medical Centre Al Quoz","Dubai","Clinic","al quoz","","43381550","","","https://www.medifinder.ae/medical/networks/fmc/standard-network-3"
"DULSCO MEDICAL CLINIC BRANCH, SMBZR (DULSCO GROUP) - temporary closed","Dubai","Clinic","shaikh zayed road","","43232442","","","https://www.medifinder.ae/medical/networks/fmc/standard-network-3"
"DULSCO MEDICAL CLINIC BRANCH, SMBZR (DULSCO GROUP) - temporary closed","Dubai","Clinic","dic","","44219354","","","https://www.medifinder.ae/medical/networks/fmc/standard-network-3"
"Emirates Clinic&diagnostic Centre","Abu Dhabi","Clinic","main street","","37644744","","","https://www.medifinder.ae/medical/networks/fmc/standard-network-3"
"Family Medical Clinic - Ajman","Ajman","Clinic","new industrial area","","67114444","","","https://www.medifinder.ae/medical/networks/fmc/standard-network-3"
"FATHIMA MEDICAL CLINIC-FUJAIRAH","Fujairah","Clinic","fujairah","","92239946","","","https://www.medifinder.ae/medical/networks/fmc/standard-network-3"
"FATHIMA MEDICAL CLINIC-FUJAIRAH(New)_MOH-F-1000391","Fujairah","Clinic","fujairah","","92239946","","","https://www.medifinder.ae/medical/networks/fmc/standard-network-3"
"FIRST AID CLINIC LLC","Ajman","Clinic","sheikh rashid bin humeed st.","","67446752","","","https://www.medifinder.ae/medical/networks/fmc/standard-network-3"
"FIRST CITY MEDICAL CENTER","Abu Dhabi","Clinic","al falah street","","26417226","","","https://www.medifinder.ae/medical/networks/fmc/standard-network-3"
"GLOBEHEALTH GENERAL CLINIC LLC (formerly known as Amrita Medical Centre)","Dubai","Clinic","satwa","","43464180","","","https://www.medifinder.ae/medical/networks/fmc/standard-network-3"
"HALA MEDICAL CENTRE (formerly RAHMA MEDICAL CLINIC)","Abu Dhabi","Clinic","ghiathi","","28742437","","","https://www.medifinder.ae/medical/networks/fmc/standard-network-3"
"ICARE BLUE CLINIC BRANCH ABU HAIL (FORMERLY COSMOPOLITAN MEDICAL CENTRE BRANCH - AL MAMZAR)","Dubai","Clinic","deira","","42687272","","","https://www.medifinder.ae/medical/networks/fmc/standard-network-3"
"ICARE BLUE CLINIC BURDUBAI (FORMERLY COSMOPOLITAN MEDICAL CENTRE LLC)","Dubai","Clinic","bur dubai","","45904903","","","https://www.medifinder.ae/medical/networks/fmc/standard-network-3"
"Khorfakkan Port Medical Centre","Sharjah","Clinic","khorfakan","","92371400","","","https://www.medifinder.ae/medical/networks/fmc/standard-network-3"
"KHORFAKKAN PORT MEDICAL CENTRE(New)_MOH-F-1000089","Sharjah","Clinic","khorfakkan","","92371400","","","https://www.medifinder.ae/medical/networks/fmc/standard-network-3"
"LAIKA MEDICAL CENTER_SHARJAH","Sharjah","Clinic","buteena","","65627667","","","https://www.medifinder.ae/medical/networks/fmc/standard-network-3"
"Life Care Medical Center (Al Ghurfah) Dibba, Al Fujairah","Fujairah","Clinic","fujairah","","92444346","","","https://www.medifinder.ae/medical/networks/fmc/standard-network-3"
"Liverpool Medical Center LLC (Burdubai) Dubai","Dubai","Clinic","bur dubai","","43379541","","","https://www.medifinder.ae/medical/networks/fmc/standard-network-3"
"MAMPILLY MEDICAL CENTRE_SHARJAH(NEW)_MOH-F-1000079","Sharjah","Clinic","rolla","","65616464","","","https://www.medifinder.ae/medical/networks/fmc/standard-network-3"
"Mendhan Medical Centre LLC","Ras Al Khaimah","Clinic","al nakheel","","72286364","","","https://www.medifinder.ae/medical/networks/fmc/standard-network-3"
"MERASHID PVT. CLINIC_FUJAIRAH","Fujairah","Clinic","fujairah","","92220883","","","https://www.medifinder.ae/medical/networks/fmc/standard-network-3"
"Mgm Medical Centre (King Faisal St.) Sharjah","Sharjah","Clinic","king faisal street","","65741444","","","https://www.medifinder.ae/medical/networks/fmc/standard-network-3"
"Multi Care Medical Centre (Al Quoz)- Dubai","Dubai","Clinic","al quoz","","45807899","","","https://www.medifinder.ae/medical/networks/fmc/standard-network-3"
"Multicare Medical Center LLC","Dubai","Clinic","al quoz","","45807899","","","https://www.medifinder.ae/medical/networks/fmc/standard-network-3"
"New Hyderabad Clinic","Abu Dhabi","Clinic","mussafa","","25522252","","","https://www.medifinder.ae/medical/networks/fmc/standard-network-3"
"New Ibin Sina Medical Centre (Aah)","Ajman","Clinic","al jurf industrial","","67413330","","","https://www.medifinder.ae/medical/networks/fmc/standard-network-3"
"NEW MEDICAL CENTRE - NMC GROUP (Prev DR REENA BEEGUM MEDICAL CENTRE)","Dubai","Clinic","jafza","","48808856","","","https://www.medifinder.ae/medical/networks/fmc/standard-network-3"
"NEW MEDILIFE POLYCLINIC","Dubai","Clinic","al warsan","","42437666","","","https://www.medifinder.ae/medical/networks/fmc/standard-network-3"
"New Sanaiya Clinic Branch, Al Quoz- New Sanaiya Group","Dubai","Clinic","dip 1","","43791311","","","https://www.medifinder.ae/medical/networks/fmc/standard-network-3"
"Noor Al Shefa Clinic Aweer","Dubai","Clinic","aweer","","43886601","","","https://www.medifinder.ae/medical/networks/fmc/standard-network-3"
"Oxford Medical Center (Rolla) Dubai","Dubai","Clinic","rolla","","43795903","","","https://www.medifinder.ae/medical/networks/fmc/standard-network-3"
"Oxford Medical Center (Rolla) Dubai","Dubai","Clinic","bur dubai","","43511164","","","https://www.medifinder.ae/medical/networks/fmc/standard-network-3"
"PRIMACARE CLINIC L.L.C","Sharjah","Clinic","abu shagara","","65213119","","","https://www.medifinder.ae/medical/networks/fmc/standard-network-3"
"RANA HUSSAINS SPECIALIST CLINIC","Umm Al Quwain","Clinic","uaq","","67666026","","","https://www.medifinder.ae/medical/networks/fmc/standard-network-3"
"RAYHAN GULF MEDICAL CENTER L.L.C","Sharjah","Clinic","abu shagara","","65454388","","","https://www.medifinder.ae/medical/networks/fmc/standard-network-3"
"Reem Specalists Medical Centre.","Sharjah","Clinic","rolla","","65625422","","","https://www.medifinder.ae/medical/networks/fmc/standard-network-3"
"Regal Medical Centre  (Muwailih) Sharjah","Sharjah","Clinic","national paint r/a","","65354175","","","https://www.medifinder.ae/medical/networks/fmc/standard-network-3"
"Riaz Specialist Medical Center (Prvsly Riaz Medical Center) Sharjah","Sharjah","Clinic","al wasit street","","543221665","","","https://www.medifinder.ae/medical/networks/fmc/standard-network-3"
"Right Health Clinic Jurf2 LLC","Ajman","Clinic","jurf industrial zone 2","","67404141","","","https://www.medifinder.ae/medical/networks/fmc/standard-network-3"
"Right Health Medical Center Jurf Prvsly Right Health Clinic Jurf - Ajman","Ajman","Clinic","al jurf","","67494969","","","https://www.medifinder.ae/medical/networks/fmc/standard-network-3"
"Royal Clinic","Ajman","Clinic","al busthan","","67422210","","","https://www.medifinder.ae/medical/networks/fmc/standard-network-3"
"SAHAR MEDICAL CENTRE L.L.C","Sharjah","Clinic","wasit street","","65420843","","","https://www.medifinder.ae/medical/networks/fmc/standard-network-3"
"Saif Zone Medical Centre Fzc","Sharjah","Clinic","sharjah airport","","65578471","","","https://www.medifinder.ae/medical/networks/fmc/standard-network-3"
"Saif-zone Medical Centre (fzc)(New)_MOH-F-1000293","Sharjah","Clinic","sharjah airport","","65578471","","","https://www.medifinder.ae/medical/networks/fmc/standard-network-3"
"SHIFA AL JAZEERA MEDICAL CENTRE LLC","Ras Al Khaimah","Clinic","al nakheel","","72211218","","","https://www.medifinder.ae/medical/networks/fmc/standard-network-3"
"SHIFA AL JAZEERA MEDICAL CENTRE LLC_RAK(NEW)_MOH-F-1000261","Ras Al Khaimah","Clinic","al nakheel","","72211218","","","https://www.medifinder.ae/medical/networks/fmc/standard-network-3"
"STAR MEDICAL CENTRE BRANCH 1","Abu Dhabi","Clinic","electra road","","26219778","","","https://www.medifinder.ae/medical/networks/fmc/standard-network-3"
"SUHA MEDICAL CENTER 1","Fujairah","Clinic","al hayl ind. area","","92282466","","","https://www.medifinder.ae/medical/networks/fmc/standard-network-3"
"Sunil Medical Centre","Ajman","Clinic","nuaimia","","67483983","","","https://www.medifinder.ae/medical/networks/fmc/standard-network-3"
"TALAT MEDICAL CENTER","Abu Dhabi","Clinic","old passport road","","26426545","","","https://www.medifinder.ae/medical/networks/fmc/standard-network-3"
"THUMBAY CLINIC LLC(New) - UMM AL QUWAIN","Umm Al Quwain","Clinic","uaq","","67051533","","","https://www.medifinder.ae/medical/networks/fmc/standard-network-3"
"TRUE CARE MEDICAL CLINIC(New)_MOH-F-1000817","Sharjah","Clinic","rolla","","65453305","","","https://www.medifinder.ae/medical/networks/fmc/standard-network-3"
"UNION MEDICAL & DENTAL CENTRE(FORMERLY UNION CLINIC)(New)_MOH-F-1000022","Ras Al Khaimah","Clinic","al nakheel","","72272402","","","https://www.medifinder.ae/medical/networks/fmc/standard-network-3"
"Wellness Medical Center (New Industrial Area) Umm Al Quwain","Umm Al Quwain","Clinic","al raafah","","66786664","","","https://www.medifinder.ae/medical/networks/fmc/standard-network-3"
"Yasmed Medical Center LLC (New Industrial Area) Umm Al Quwain","Umm Al Quwain","Clinic","al raafah","","65299064","","","https://www.medifinder.ae/medical/networks/fmc/standard-network-3"
"Lulu Al Buhaira Pharmacy Llc(Docibgr)","Sharjah","Pharmacy","majaz","","65641567","","","https://www.medifinder.ae/medical/networks/fmc/standard-network-3"
"Outlet By Life Pharmacy LLC ( Ex. Real Pharmacy)","Dubai","Pharmacy","al barsha","","43413745","","","https://www.medifinder.ae/medical/networks/fmc/standard-network-3"
"Habshan Pharmacy","Abu Dhabi","Pharmacy","al ruwais","","26038331","","","https://www.medifinder.ae/medical/networks/fmc/standard-network-3"
"Dar Al Shifaa Pharmacy LLC Branch 2","Abu Dhabi","Pharmacy","zaied street","","26411299","","","https://www.medifinder.ae/medical/networks/fmc/standard-network-3"
"UNIVERSAL HOSPITAL PHARMACY LLC - BRANCH 2","Abu Dhabi","Pharmacy","airport road","","26435555","","","https://www.medifinder.ae/medical/networks/fmc/standard-network-3"
"Panorama Rx Pharmacy BR of Imara Health Care LLC","Dubai","Pharmacy","al thanya 3","","44557256","","","https://www.medifinder.ae/medical/networks/fmc/standard-network-3"
"Fawagee Pharmacy - Life Healthcare","Dubai","Pharmacy","nad al hamar","","42894111","","","https://www.medifinder.ae/medical/networks/fmc/standard-network-3"
"Fawagee Scientific Pharmacy - Life Healthcare","Dubai","Pharmacy","mirdiff","","42881800","","","https://www.medifinder.ae/medical/networks/fmc/standard-network-3"
"Real One Pharmacy L.L.C-Life Healthcare Group","Dubai","Pharmacy","bur dubai","","43887704","","","https://www.medifinder.ae/medical/networks/fmc/standard-network-3"
"Diamond 3 Pharmacy L.L.C-Life Healthcare Group","Dubai","Pharmacy","marina","","44537217","","","https://www.medifinder.ae/medical/networks/fmc/standard-network-3"
"New Silicon Pharmacy BR of Life Pharmacy, Dubai Silicon Oasis (Life Pharmacies)","Dubai","Pharmacy","silicon oasis","","43204410","","","https://www.medifinder.ae/medical/networks/fmc/standard-network-3"
"Medicina 27 Pharmacy","Ras Al Khaimah","Pharmacy","corniche","","72332580","","","https://www.medifinder.ae/medical/networks/fmc/standard-network-3"
"Arifa Pharmacy (Abu Hail Street) - Dubai","Dubai","Pharmacy","abu hail","","42389696","","","https://www.medifinder.ae/medical/networks/fmc/standard-network-3"
"Real 7 Pharmacy Dmcc Branch(Life)","Dubai","Pharmacy","jumeirah","","42428798","","","https://www.medifinder.ae/medical/networks/fmc/standard-network-3"
"Real 7 Pharmacy Dmcc Branch(Life)","Dubai","Pharmacy","jumeirah","","45516506","","","https://www.medifinder.ae/medical/networks/fmc/standard-network-3"
"Real 7 Pharmacy Dmcc Branch(Life)","Dubai","Pharmacy","jlt","","44391776","","","https://www.medifinder.ae/medical/networks/fmc/standard-network-3"
"Mumtaz Pharmacy","Dubai","Pharmacy","international city","","44344406","","","https://www.medifinder.ae/medical/networks/fmc/standard-network-3"
"HKMAT AL AIN PHARMACY - CO LLC","Abu Dhabi","Pharmacy","main street","","26411225","","","https://www.medifinder.ae/medical/networks/fmc/standard-network-3"
"AL MANARA PHARMACY ALSUFOUH","Dubai","Pharmacy","dubai media city","","42779361","","","https://www.medifinder.ae/medical/networks/fmc/standard-network-3"
"Town Life Pharmacy (Abu Dhabi Mall)","Abu Dhabi","Pharmacy","abu dhabi","","45610000","","","https://www.medifinder.ae/medical/networks/fmc/standard-network-3"
"Grand Royal Pharmacy - Life Healthcare Group","Dubai","Pharmacy","bur dubai","","43593445","","","https://www.medifinder.ae/medical/networks/fmc/standard-network-3"
"Jansons Pharmacy - Dubai","Dubai","Pharmacy","bur dubai","","43514118","","","https://www.medifinder.ae/medical/networks/fmc/standard-network-3"
"Samer Pharmacy - Life Healthcare","Dubai","Pharmacy","karama","","43971909","","","https://www.medifinder.ae/medical/networks/fmc/standard-network-3"
"Topcare Pharmacy Al Jadeeda L.L.C","Ajman","Pharmacy","al jerf","","67455223","","","https://www.medifinder.ae/medical/networks/fmc/standard-network-3"
"AL RABIEE PHARMACY","Sharjah","Pharmacy","national paint r/a","","65352362","","","https://www.medifinder.ae/medical/networks/fmc/standard-network-3"
"Healthline Pharmacy LLC Â€“ Branch","Abu Dhabi","Pharmacy","baniyas","","25832908","","","https://www.medifinder.ae/medical/networks/fmc/standard-network-3"
"Dream Pharmacy - Life Healthcare - DXB","Dubai","Pharmacy","marina","","44227844","","","https://www.medifinder.ae/medical/networks/fmc/standard-network-3"
"Lulu Barsha Pharmacy LLC (Docib)","Dubai","Pharmacy","al barsha","","43418828","","","https://www.medifinder.ae/medical/networks/fmc/standard-network-3"
"LULU KHALIDIYA PHARMACY LLC","Abu Dhabi","Pharmacy","khalidiya","","26354440","","","https://www.medifinder.ae/medical/networks/fmc/standard-network-3"
"Life Al Mizhar First (BR of Life Pharmacy LLC) - Dubai","Dubai","Pharmacy","al mizhar","","42360046","","","https://www.medifinder.ae/medical/networks/fmc/standard-network-3"
"New Medical Centre Pharmacy Branch (Rashidiya) Ajman","Ajman","Pharmacy","rashidiya 1","","65455966","","","https://www.medifinder.ae/medical/networks/fmc/standard-network-3"
"Elaj Pharmacy - Life Healthcare","Dubai","Pharmacy","deira","","42683377","","","https://www.medifinder.ae/medical/networks/fmc/standard-network-3"
"New Medical Centre Pharmacy Branch (Jafza) Dubai","Dubai","Pharmacy","jebel ali","","48808856","","","https://www.medifinder.ae/medical/networks/fmc/standard-network-3"
"Janah Pharmacy L.L.C Branch-2","Sharjah","Pharmacy","rolla","","65643980","","","https://www.medifinder.ae/medical/networks/fmc/standard-network-3"
"Metro Pharmacy LLC","Ajman","Pharmacy","new industrial area","","67318821","","","https://www.medifinder.ae/medical/networks/fmc/standard-network-3"
"Al Tahani Pharmacy LLC","Abu Dhabi","Pharmacy","al manhal","","26347010","","","https://www.medifinder.ae/medical/networks/fmc/standard-network-3"
"Co-Operative Pharmacy - Life Healthcare","Dubai","Pharmacy","deira","","42269283","","","https://www.medifinder.ae/medical/networks/fmc/standard-network-3"
"Viva Pharmacy Llc","Dubai","Pharmacy","jumeirah first","","43231317","","","https://www.medifinder.ae/medical/networks/fmc/standard-network-3"
"MEDICINA BAIN AL QASRAIN PHARMACY","Abu Dhabi","Pharmacy","abu dhabi","","24469300","","","https://www.medifinder.ae/medical/networks/fmc/standard-network-3"
"Al Jumeiyah Al Taawoniyah Pharmacy LLC- DXB","Dubai","Pharmacy","al mankhool","","43986302","","","https://www.medifinder.ae/medical/networks/fmc/standard-network-3"
"Horizon Health Care Pharmacy","Dubai","Pharmacy","tecom","","44541225","","","https://www.medifinder.ae/medical/networks/fmc/standard-network-3"
"SUHA PHARMACY 1","Fujairah","Pharmacy","al hayl ind. area","","92448009","","","https://www.medifinder.ae/medical/networks/fmc/standard-network-3"
"Lulu Pharmacy LLC - Ajman","Ajman","Pharmacy","al bustan","","67457771","","","https://www.medifinder.ae/medical/networks/fmc/standard-network-3"
"AL HASHMI PHARMACY","Sharjah","Pharmacy","khorfakkan","","92386508","","","https://www.medifinder.ae/medical/networks/fmc/standard-network-3"
"Dar Al Noor Pharmacy LLC - Dubai","Dubai","Pharmacy","naif","","42322080","","","https://www.medifinder.ae/medical/networks/fmc/standard-network-3"
"Neo Pharmacy LLC (Formerly Neo Pharmacy LLC Branch Alqouz 1)","Dubai","Pharmacy","jabel ali","","43885456","","","https://www.medifinder.ae/medical/networks/fmc/standard-network-3"
"Reem Al Nahdah Pharmacy LLC","Sharjah","Pharmacy","al nahda","","65255825","","","https://www.medifinder.ae/medical/networks/fmc/standard-network-3"
"Onyx Pharmacy","Dubai","Pharmacy","business bay","","44564583","","","https://www.medifinder.ae/medical/networks/fmc/standard-network-3"
"Al Maleha Pharmacy","Sharjah","Pharmacy","dhaid","","68826855","","","https://www.medifinder.ae/medical/networks/fmc/standard-network-3"
"Lulu Al Falah Pharmacy LLC Docib","Sharjah","Pharmacy","industrial area 4","","65362225","","","https://www.medifinder.ae/medical/networks/fmc/standard-network-3"
"Al Nahda Pharmacy (Ras Al Khor) Dubai","Dubai","Pharmacy","ras al khor","","43200501","","","https://www.medifinder.ae/medical/networks/fmc/standard-network-3"
"Orbit Star Pharmacy L.L.C - Dubai","Dubai","Pharmacy","al barsha","","42348918","","","https://www.medifinder.ae/medical/networks/fmc/standard-network-3"
"New Pharmacy Company WLL - Branch 1","Abu Dhabi","Pharmacy","al danah","","26322379","","","https://www.medifinder.ae/medical/networks/fmc/standard-network-3"
"AL NOOR PHARMACY (MADINAT ZAYED - BRANCH 2)","Abu Dhabi","Pharmacy","airport road","","24944590","","","https://www.medifinder.ae/medical/networks/fmc/standard-network-3"
"Al Corniche Pharmacy - Dubai","Dubai","Pharmacy","jumeirah","","43447220","","","https://www.medifinder.ae/medical/networks/fmc/standard-network-3"
"Al Ahrar Pharmacy- Shj - Pharmaethics Group","Sharjah","Pharmacy","sharjah","","65520003","","","https://www.medifinder.ae/medical/networks/fmc/standard-network-3"
"Lahore Pharmacy (Zia)","Abu Dhabi","Pharmacy","abu dhabi","","25508988","","","https://www.medifinder.ae/medical/networks/fmc/standard-network-3"
"Galaxy Pharmacy LLC","Ajman","Pharmacy","rashidiya 1","","67441886","","","https://www.medifinder.ae/medical/networks/fmc/standard-network-3"
"Med Doc Pharmacy (Jvt) Dubai","Dubai","Pharmacy","jvt","","44248097","","","https://www.medifinder.ae/medical/networks/fmc/standard-network-3"
"NAJMAT MUWEILAH PHARMACY LLC","Sharjah","Pharmacy","muwaileh","","65220260","","","https://www.medifinder.ae/medical/networks/fmc/standard-network-3"
"Al Kausar Pharmacy - DXB","Dubai","Pharmacy","bur dubai","","43938485","","","https://www.medifinder.ae/medical/networks/fmc/standard-network-3"
"Oxford Pharmacy","Abu Dhabi","Pharmacy","abu dhabi","","24489191","","","https://www.medifinder.ae/medical/networks/fmc/standard-network-3"
"JEDDAH PHARMACY","Sharjah","Pharmacy","dhaid","","68832993","","","https://www.medifinder.ae/medical/networks/fmc/standard-network-3"
"GIGI PHARMACY (ABU DHABI)","Abu Dhabi","Pharmacy","al naser st.","","26289371","","","https://www.medifinder.ae/medical/networks/fmc/standard-network-3"
"ABE AL FIDA PHARMACY","Sharjah","Pharmacy","buteena area","","65658008","","","https://www.medifinder.ae/medical/networks/fmc/standard-network-3"
"Abwab Bait Al Maqdes Pharmacy LLC, Al Khan -Bait Al Maqdes GRP","Sharjah","Pharmacy","al khan","","65565363","","","https://www.medifinder.ae/medical/networks/fmc/standard-network-3"
"Aknaf Bait Al Maqdes Pharmacy LLC","Sharjah","Pharmacy","al majaz","","65500602","","","https://www.medifinder.ae/medical/networks/fmc/standard-network-3"
"AL  NAHDA  PHARMACY","Ras Al Khaimah","Pharmacy","al nakheel","","72271900","","","https://www.medifinder.ae/medical/networks/fmc/standard-network-3"
"Al Amal Pharmacy Branch","Abu Dhabi","Pharmacy","baniyas","","25833583","","","https://www.medifinder.ae/medical/networks/fmc/standard-network-3"
"Al Amal Pharmacy Branch","Abu Dhabi","Pharmacy","baniyas","","25833996","","","https://www.medifinder.ae/medical/networks/fmc/standard-network-3"
"Al Aman Pharmacy","Sharjah","Pharmacy","sharjah","","65233991","","","https://www.medifinder.ae/medical/networks/fmc/standard-network-3"
"Al Aman Pharmacy - Ras Al Khaimah","Ras Al Khaimah","Pharmacy","al nakheel","","42344430","","","https://www.medifinder.ae/medical/networks/fmc/standard-network-3"
"Al Amazon Pharmacy","Abu Dhabi","Pharmacy","hamdan street","","26784944","","","https://www.medifinder.ae/medical/networks/fmc/standard-network-3"
"Al Azhar Al Jadeeda Pharmacy - Jebel Ali","Dubai","Pharmacy","jebel ali","","48800703","","","https://www.medifinder.ae/medical/networks/fmc/standard-network-3"
"Al Azhar Pharmacy-Dip -1 (Ex-Al Azhar Pharmacy)","Dubai","Pharmacy","dip 1","","48859598","","","https://www.medifinder.ae/medical/networks/fmc/standard-network-3"
"AL BADAR PHARMACY","Dubai","Pharmacy","karama","","43348129","","","https://www.medifinder.ae/medical/networks/fmc/standard-network-3"
"AL BARASHI PHARMACY LLC(NEW)_MOH-F-5001088","Sharjah","Pharmacy","barashi","","65248828","","","https://www.medifinder.ae/medical/networks/fmc/standard-network-3"
"Al Bassam PHARMACY,BUHAIRA Corniche-Relief Healthcare Group","Sharjah","Pharmacy","buhaira corniche","","65379446","","","https://www.medifinder.ae/medical/networks/fmc/standard-network-3"
"Al Burhan Pharmacy (Maliha Rd.) Sharjah","Sharjah","Pharmacy","muwaileh commerical","","65320585","","","https://www.medifinder.ae/medical/networks/fmc/standard-network-3"
"AL BUSTAN HOSPITAL PHARMACY LLC","Abu Dhabi","Pharmacy","mussafa","","21651525","","","https://www.medifinder.ae/medical/networks/fmc/standard-network-3"
"Al Bustan Pharmacy Ajman (Gharafa)","Ajman","Pharmacy","al bustan","","67447969","","","https://www.medifinder.ae/medical/networks/fmc/standard-network-3"
"Al Courniche Pharmacy LLC","Sharjah","Pharmacy","buhaira corniche","","67114444","","","https://www.medifinder.ae/medical/networks/fmc/standard-network-3"
"AL DABBAIYA PHARMACY","Abu Dhabi","Pharmacy","western region","","26035269","","","https://www.medifinder.ae/medical/networks/fmc/standard-network-3"
"Al Enwan Pharmacy (Al Marija St) - Sharjah","Sharjah","Pharmacy","al marija street","","42641808","","","https://www.medifinder.ae/medical/networks/fmc/standard-network-3"
"Al Farah Pharmacy - Sharjah","Sharjah","Pharmacy","al nahda","","65363707","","","https://www.medifinder.ae/medical/networks/fmc/standard-network-3"
"Al Ghail Pharmacy","Ras Al Khaimah","Pharmacy","al ghail","","72580010","","","https://www.medifinder.ae/medical/networks/fmc/standard-network-3"
"AL IMAN PHARMACY - ADH","Abu Dhabi","Pharmacy","old passport road","","24462156","","","https://www.medifinder.ae/medical/networks/fmc/standard-network-3"
"AL INMA PHARMACY - LLC","Abu Dhabi","Pharmacy","khaledia street","","26213144","","","https://www.medifinder.ae/medical/networks/fmc/standard-network-3"
"AL JAMAL PHARMACY","Abu Dhabi","Pharmacy","al jimmi area","","37622747","","","https://www.medifinder.ae/medical/networks/fmc/standard-network-3"
"AL JAMAL PHARMACY","Sharjah","Pharmacy","rolla","","65239741","","","https://www.medifinder.ae/medical/networks/fmc/standard-network-3"
"Al Kanz Pharmacy (L.L.C.)-Life Healthcare Group","Dubai","Pharmacy","jlt","","45521649","","","https://www.medifinder.ae/medical/networks/fmc/standard-network-3"
"Al Karaz Pharmacy LLC","Sharjah","Pharmacy","al nahda area","","65668225","","","https://www.medifinder.ae/medical/networks/fmc/standard-network-3"
"Al Khaleej Pharmacy","Ajman","Pharmacy","rashidiya 3","","67444189","","","https://www.medifinder.ae/medical/networks/fmc/standard-network-3"
"AL MADINAH PHARMACY(New)_MOH-F-5000181","Sharjah","Pharmacy","al madam","","68861018","","","https://www.medifinder.ae/medical/networks/fmc/standard-network-3"
"AL MANAR PHARMACY(Health First Pharmacy 22)","Ras Al Khaimah","Pharmacy","rak","","72274848","","","https://www.medifinder.ae/medical/networks/fmc/standard-network-3"
"Al Manara Al Ruwais Pharmacy","Abu Dhabi","Pharmacy","abu dhabi","","28760210","","","https://www.medifinder.ae/medical/networks/fmc/standard-network-3"
"Al Manara Global Pharmacy","Abu Dhabi","Pharmacy","al mina road","","26734777","","","https://www.medifinder.ae/medical/networks/fmc/standard-network-3"
"AL MANARA INTENATIONAL PHARMACY","Abu Dhabi","Pharmacy","murror street","","26427677","","","https://www.medifinder.ae/medical/networks/fmc/standard-network-3"
"AL MANARA INTERNATIONAL PHARMACY","Abu Dhabi","Pharmacy","muroor road","","26427677","","","https://www.medifinder.ae/medical/networks/fmc/standard-network-3"
"AL MANARA PHARMACY","Abu Dhabi","Pharmacy","abu dhabi","","26269966","","","https://www.medifinder.ae/medical/networks/fmc/standard-network-3"
"AL MANARA PHARMACY - WORLD TRADE CENTER","Abu Dhabi","Pharmacy","hamdan street","","26331618","","","https://www.medifinder.ae/medical/networks/fmc/standard-network-3"
"Al Manara Pharmacy Abu Dhabi Mall","Abu Dhabi","Pharmacy","abudhabi mall","","26452525","","","https://www.medifinder.ae/medical/networks/fmc/standard-network-3"
"Al Manara Pharmacy Alcorniche","Abu Dhabi","Pharmacy","corniche","","26675454","","","https://www.medifinder.ae/medical/networks/fmc/standard-network-3"
"Al Manara Pharmacy Bawabat Al Sharq","Abu Dhabi","Pharmacy","bawabat al sharq mall","","25828270","","","https://www.medifinder.ae/medical/networks/fmc/standard-network-3"
"AL MANARA PHARMACY BAWABAT ALSHARQ","Abu Dhabi","Pharmacy","al sharq","","25828270","","","https://www.medifinder.ae/medical/networks/fmc/standard-network-3"
"AL MANARA PHARMACY DAS ISLAND","Abu Dhabi","Pharmacy","bateen","","26675454","","","https://www.medifinder.ae/medical/networks/fmc/standard-network-3"
"Al Manara Pharmacy Remal Mall (Majan) Dubai","Dubai","Pharmacy","majan","","43337146","","","https://www.medifinder.ae/medical/networks/fmc/standard-network-3"
"AL MANARA PHARMACY YAS MALL","Abu Dhabi","Pharmacy","yas mall","","25650770","","","https://www.medifinder.ae/medical/networks/fmc/standard-network-3"
"Al Manara Pharmacy-abudhabi Mall","Abu Dhabi","Pharmacy","abu dhabi mall","","26452525","","","https://www.medifinder.ae/medical/networks/fmc/standard-network-3"
"AL MANARA PHARMACY-AL AIN MALL","Abu Dhabi","Pharmacy","al -ain mall","","37516670","","","https://www.medifinder.ae/medical/networks/fmc/standard-network-3"
"Al Manara Pharmacy-Marina Mall(New Ext)","Abu Dhabi","Pharmacy","marina","","26817977","","","https://www.medifinder.ae/medical/networks/fmc/standard-network-3"
"Al Manara Pharmay Yas Mall","Abu Dhabi","Pharmacy","yas mall","","25650770","","","https://www.medifinder.ae/medical/networks/fmc/standard-network-3"
"Al Manzil Al Jadeed Pharmacy LLC","Dubai","Pharmacy","al aweer","","42230244","","","https://www.medifinder.ae/medical/networks/fmc/standard-network-3"
"Al Marsa Pharmacy (University St) Ajman","Ajman","Pharmacy","al jerf","","42641808","","","https://www.medifinder.ae/medical/networks/fmc/standard-network-3"
"AL MUSHREF PHARMACY","Abu Dhabi","Pharmacy","airport road","","24461614","","","https://www.medifinder.ae/medical/networks/fmc/standard-network-3"
"AL MUSSALLA PHARMACY","Ajman","Pharmacy","karama area","","674212710502913014","","","https://www.medifinder.ae/medical/networks/fmc/standard-network-3"
"AL NAHDA PHARMACY - RAK","Ras Al Khaimah","Pharmacy","al nakheel","","72271900","","","https://www.medifinder.ae/medical/networks/fmc/standard-network-3"
"AL NAHR PHARMACY","Sharjah","Pharmacy","muwaileh","","65436355","","","https://www.medifinder.ae/medical/networks/fmc/standard-network-3"
"Al Nakheel Pharmacy (Nakheel)","Ras Al Khaimah","Pharmacy","ras al khaimah","","72226821","","","https://www.medifinder.ae/medical/networks/fmc/standard-network-3"
"AL NAKHEEL PHARMACY(New)_MOH-F-5000037","Ras Al Khaimah","Pharmacy","al nakheel","","72226821","","","https://www.medifinder.ae/medical/networks/fmc/standard-network-3"
"AL NASR PHARMACY_KHORFAKKAN","Sharjah","Pharmacy","khorfakkan","","92384188","","","https://www.medifinder.ae/medical/networks/fmc/standard-network-3"
"Al Neel Pharmacy Sharjah -Pharmaethics Group","Sharjah","Pharmacy","sharjah","","65622106","","","https://www.medifinder.ae/medical/networks/fmc/standard-network-3"
"AL NEEM PHARMACY BRANCH - JAFZA","Dubai","Pharmacy","jebel ali","","48876650","","","https://www.medifinder.ae/medical/networks/fmc/standard-network-3"
"Al Neem Pharmacy L.L.C","Abu Dhabi","Pharmacy","shahama","","25666886","","","https://www.medifinder.ae/medical/networks/fmc/standard-network-3"
"Al Neem Pharmacy L.L.C BRANCH(AL Neem Group)","Dubai","Pharmacy","jebel ali","","48809667","","","https://www.medifinder.ae/medical/networks/fmc/standard-network-3"
"Al Neem Pharmacy LLC (King Faisal Rd) Umm Al Quwain","Umm Al Quwain","Pharmacy","king faisal street","","67675263","","","https://www.medifinder.ae/medical/networks/fmc/standard-network-3"
"Al Neem Pharmacy LLC branch (Medon)","Dubai","Pharmacy","international city","","43697130","","","https://www.medifinder.ae/medical/networks/fmc/standard-network-3"
"AL NOOR AL MUSAFFAH PHARMACY","Abu Dhabi","Pharmacy","mussafah","","25524600","","","https://www.medifinder.ae/medical/networks/fmc/standard-network-3"
"AL NOOR HOSPITAL PHARMACY - ICAD RESIDENTIAL CITY","Abu Dhabi","Pharmacy","icad","","24066812","","","https://www.medifinder.ae/medical/networks/fmc/standard-network-3"
"AL NOOR HOSPITAL PHARMACY - MARAWAH- PF2731","Abu Dhabi","Pharmacy","western region","","26139271","","","https://www.medifinder.ae/medical/networks/fmc/standard-network-3"
"AL NOOR NEW PHARMACY","Abu Dhabi","Pharmacy","khalifa street","","26139101","","","https://www.medifinder.ae/medical/networks/fmc/standard-network-3"
"AL NOOR PHARMACY - AL MAMOURA","Abu Dhabi","Pharmacy","mamoura area","","26728229","","","https://www.medifinder.ae/medical/networks/fmc/standard-network-3"
"AL NOOR PHARMACY - AL MARFA","Abu Dhabi","Pharmacy","al mirfa","","28835800","","","https://www.medifinder.ae/medical/networks/fmc/standard-network-3"
"AL NOOR PHARMACY - AL MUSAFFAH 2","Abu Dhabi","Pharmacy","new mussafah","","24066868","","","https://www.medifinder.ae/medical/networks/fmc/standard-network-3"
"Al Noor Pharmacy - Madinat Zayed 2 (Al Dhafra)","Abu Dhabi","Pharmacy","madinath zayed","","28848276","","","https://www.medifinder.ae/medical/networks/fmc/standard-network-3"
"AL NOOR PHARMACY - MID TOWN - BRANCH 2","Abu Dhabi","Pharmacy","sanayya street","","37550075","","","https://www.medifinder.ae/medical/networks/fmc/standard-network-3"
"AL NOOR PHARMACY MADINAT ZAYED","Abu Dhabi","Pharmacy","madinath zayed","","28848883","","","https://www.medifinder.ae/medical/networks/fmc/standard-network-3"
"AL QASSIM PHARMACY","Sharjah","Pharmacy","kalba road","","65345663","","","https://www.medifinder.ae/medical/networks/fmc/standard-network-3"
"AL RAMS PHARMACY(Health First Pharmacy 14)","Ras Al Khaimah","Pharmacy","ras al khaima area","","72662295","","","https://www.medifinder.ae/medical/networks/fmc/standard-network-3"
"AL RAWDA PHARAMCY L.L.C (BRANCH)","Dubai","Pharmacy","dip (dubai investment park)","","48800920","","","https://www.medifinder.ae/medical/networks/fmc/standard-network-3"
"AL RAWDAH PHARMACY","Dubai","Pharmacy","clock tower","","42940786","","","https://www.medifinder.ae/medical/networks/fmc/standard-network-3"
"Al Rayan Pharmacy L.L.C -Sharjah (Faith Group)","Sharjah","Pharmacy","abu shagara","","65509475","","","https://www.medifinder.ae/medical/networks/fmc/standard-network-3"
"AL RAZI PHARMACEUTICALS COMPANY - WLL","Abu Dhabi","Pharmacy","al arabi street","","24177222","","","https://www.medifinder.ae/medical/networks/fmc/standard-network-3"
"Al Reem Pharmacy L.L.C","Umm Al Quwain","Pharmacy","al muqta","","67690400","","","https://www.medifinder.ae/medical/networks/fmc/standard-network-3"
"Al Rehab Pharmacy","Sharjah","Pharmacy","al khan","","65539200","","","https://www.medifinder.ae/medical/networks/fmc/standard-network-3"
"Al Ruwais Medical Center Pharmacy","Abu Dhabi","Pharmacy","western region","","26022444","","","https://www.medifinder.ae/medical/networks/fmc/standard-network-3"
"AL RUWAIS PHARMACY","Abu Dhabi","Pharmacy","al ruwais","","28774367","","","https://www.medifinder.ae/medical/networks/fmc/standard-network-3"
"AL SAHA & AL JAMAL PHARMACY MAIN","Sharjah","Pharmacy","al zahra street","","65210090","","","https://www.medifinder.ae/medical/networks/fmc/standard-network-3"
"Al Saha Pharmacy LLC-Life Healthcare Group","Sharjah","Pharmacy","muwaileh commerical","","65426630","","","https://www.medifinder.ae/medical/networks/fmc/standard-network-3"
"Al Sajaa Pharmacy Llc","Sharjah","Pharmacy","dhaid","","65310199","","","https://www.medifinder.ae/medical/networks/fmc/standard-network-3"
"Al Sama Al Safia Pharmacy LLC","Sharjah","Pharmacy","rolla","","65217338","","","https://www.medifinder.ae/medical/networks/fmc/standard-network-3"
"Al Sama Pharmacy LLC","Sharjah","Pharmacy","al kasimiya","","65508820","","","https://www.medifinder.ae/medical/networks/fmc/standard-network-3"
"Al Seha Al Kubra Pharmacy Llc (Nmc)","Sharjah","Pharmacy","al wasit st.","","65721213","","","https://www.medifinder.ae/medical/networks/fmc/standard-network-3"
"Al SEHA Al Kubra Pharmacy LLC Al Quoz 4-Dubai","Dubai","Pharmacy","al quoz","","43219926","","","https://www.medifinder.ae/medical/networks/fmc/standard-network-3"
"Al Taif Pharmacy-Life Healthcare Group","Sharjah","Pharmacy","muwaileh commerical","","65505411","","","https://www.medifinder.ae/medical/networks/fmc/standard-network-3"
"Al Tamam Pharmacy Llc","Sharjah","Pharmacy","abu shagara","","65505995","","","https://www.medifinder.ae/medical/networks/fmc/standard-network-3"
"Al Tamimi Pharmacy (Al Rolla) Sharjah","Sharjah","Pharmacy","rolla","","65624990","","","https://www.medifinder.ae/medical/networks/fmc/standard-network-3"
"AL USRAH PHARMACY LLC","Sharjah","Pharmacy","al zahra street","","65656105","","","https://www.medifinder.ae/medical/networks/fmc/standard-network-3"
"AL WATANIA PHARMACY_RAK(NEW)_27(NEW)_MOH-F-5000053","Ras Al Khaimah","Pharmacy","al dhaid","","72226821","","","https://www.medifinder.ae/medical/networks/fmc/standard-network-3"
"Al Watania Pharmacy-RAK (Nakheel)","Ras Al Khaimah","Pharmacy","dait area","","72355767","","","https://www.medifinder.ae/medical/networks/fmc/standard-network-3"
"Al Zahra Pharmacy - Life Healthcare","Dubai","Pharmacy","karama","","43373045","","","https://www.medifinder.ae/medical/networks/fmc/standard-network-3"
"Al Zaman Pharmacy LLC","Sharjah","Pharmacy","al wahda street","","65771990","","","https://www.medifinder.ae/medical/networks/fmc/standard-network-3"
"Albarsha Pharmacy-Life Healthcare Group","Sharjah","Pharmacy","fire station roundabout","","65754046","","","https://www.medifinder.ae/medical/networks/fmc/standard-network-3"
"ALENAYA PHARMACY","Ajman","Pharmacy","al zahra","","67492212","","","https://www.medifinder.ae/medical/networks/fmc/standard-network-3"
"ALMANARA PHARMACY ALCORNICHE","Abu Dhabi","Pharmacy","corniche","","26675454","","","https://www.medifinder.ae/medical/networks/fmc/standard-network-3"
"Alnajim Alazraq Pharmacy-Life Healthcare Group","Sharjah","Pharmacy","al ittihad road","","65288851","","","https://www.medifinder.ae/medical/networks/fmc/standard-network-3"
"ALRAHA PHARMACY","Abu Dhabi","Pharmacy","electra street","","26330440","","","https://www.medifinder.ae/medical/networks/fmc/standard-network-3"
"AMAL PHARMACY - SOLE PROPRIETORSHIP LLC (PREVIOUSLY AL AMAL PHARMACY)","Abu Dhabi","Pharmacy","baniyas","","25833996","","","https://www.medifinder.ae/medical/networks/fmc/standard-network-3"
"Amazon Pharmacy","Abu Dhabi","Pharmacy","sanayya street","","37544886","","","https://www.medifinder.ae/medical/networks/fmc/standard-network-3"
"Anwar Bait Al Maqdes Pharmacy LLC","Sharjah","Pharmacy","muwaileh","","65426300","","","https://www.medifinder.ae/medical/networks/fmc/standard-network-3"
"Arabian Pharmacy (Aah)","Ajman","Pharmacy","al jurf","","67417887","","","https://www.medifinder.ae/medical/networks/fmc/standard-network-3"
"Bait Al Maqdes Al Jadeedah Pharmacy","Sharjah","Pharmacy","abu shagara","","65486100","","","https://www.medifinder.ae/medical/networks/fmc/standard-network-3"
"Bait Al Maqdes Pharmacy Llc-Branch 2","Sharjah","Pharmacy","al majaz","","65534363","","","https://www.medifinder.ae/medical/networks/fmc/standard-network-3"
"Balsam Al Garhoud Pharmacy","Dubai","Pharmacy","al garhoud","","42827288","","","https://www.medifinder.ae/medical/networks/fmc/standard-network-3"
"Balsam Al Garhoud Pharmacy - Dubai","Dubai","Pharmacy","garhoud area","","42827288","","","https://www.medifinder.ae/medical/networks/fmc/standard-network-3"
"Balsam Pharmacy (Al Garhoud) Dubai","Dubai","Pharmacy","satwa","","43984899","","","https://www.medifinder.ae/medical/networks/fmc/standard-network-3"
"Better Life Pharamcy L.L.C.","Abu Dhabi","Pharmacy","mussaffa","","25506693","","","https://www.medifinder.ae/medical/networks/fmc/standard-network-3"
"Better Life Pharmacy - Dubai","Dubai","Pharmacy","al quoz","","43414626","","","https://www.medifinder.ae/medical/networks/fmc/standard-network-3"
"Bilal Pharmacy (Al Shifa)","Sharjah","Pharmacy","industrial area 2","","65328558","","","https://www.medifinder.ae/medical/networks/fmc/standard-network-3"
"BURJEEL PHARMACY L.L.C.","Abu Dhabi","Pharmacy","defence road","","26415533","","","https://www.medifinder.ae/medical/networks/fmc/standard-network-3"
"Burjeel Retail Pharmacy L.L.C. - Branch","Abu Dhabi","Pharmacy","abu dhabi","","24437788","","","https://www.medifinder.ae/medical/networks/fmc/standard-network-3"
"Burjeel Retail Pharmacy L.L.C. - Branch","Abu Dhabi","Pharmacy","abu dhabi","","25534848","","","https://www.medifinder.ae/medical/networks/fmc/standard-network-3"
"Burjeel Retail Pharmacy L.L.C. - Branch","Abu Dhabi","Pharmacy","defence road","","24918787","","","https://www.medifinder.ae/medical/networks/fmc/standard-network-3"
"Burjeel Retail Pharmacy L.L.C. - Branch","Abu Dhabi","Pharmacy","abu dhabi","","24470407","","","https://www.medifinder.ae/medical/networks/fmc/standard-network-3"
"Burjeel Retail Pharmacy L.L.C. - Branch","Abu Dhabi","Pharmacy","electra street","","26588918","","","https://www.medifinder.ae/medical/networks/fmc/standard-network-3"
"Burjeel Retail Pharmacy L.L.C. - Branch","Abu Dhabi","Pharmacy","abu dhabi","","26438330","","","https://www.medifinder.ae/medical/networks/fmc/standard-network-3"
"Burjeel Specialty Hospital Pharmacy (Maysaloon) Sharjah","Sharjah","Pharmacy","al kuwait st","","65075073","","","https://www.medifinder.ae/medical/networks/fmc/standard-network-3"
"Ccs Life Pharmacy BR of Life Pharmacy LLC","Dubai","Pharmacy","bur dubai","","45610000","","","https://www.medifinder.ae/medical/networks/fmc/standard-network-3"
"Central Private Hospital Pharmacy","Sharjah","Pharmacy","al nabba","","65639900","","","https://www.medifinder.ae/medical/networks/fmc/standard-network-3"
"City Land Life Pharmacy Br Of Life Pharmacy Llc","Dubai","Pharmacy","jebel ali","","45610000","","","https://www.medifinder.ae/medical/networks/fmc/standard-network-3"
"City Life Pharmacy L.L.C-Life Healthcare Group","Dubai","Pharmacy","trade center","","43410072","","","https://www.medifinder.ae/medical/networks/fmc/standard-network-3"
"Corniche Pharmacy (Nakheel)","Ras Al Khaimah","Pharmacy","ras al khaimah","","72229779","","","https://www.medifinder.ae/medical/networks/fmc/standard-network-3"
"CORNICHE PHARMACY LLC(New)_28(New)_MOH-F-5000077","Ras Al Khaimah","Pharmacy","al nakheel","","72229779","","","https://www.medifinder.ae/medical/networks/fmc/standard-network-3"
"Dajla Pharmacy-Faith Group","Ajman","Pharmacy","rashidiya 3","","67466704","","","https://www.medifinder.ae/medical/networks/fmc/standard-network-3"
"DAMAN PHARMACY","Abu Dhabi","Pharmacy","khalifa street","","26320909","","","https://www.medifinder.ae/medical/networks/fmc/standard-network-3"
"Deira Life Pharmacy L.L.C-Life Healthcare Group","Dubai","Pharmacy","al muraqqabat","","42380116","","","https://www.medifinder.ae/medical/networks/fmc/standard-network-3"
"DIBBA PHARMACY(Health First 19 Pharmacy)","Fujairah","Pharmacy","fujairah","","92444376","","","https://www.medifinder.ae/medical/networks/fmc/standard-network-3"
"DOCTORS PHARMACY L.L.C","Dubai","Pharmacy","jebel ali industrial first","","502099430","","","https://www.medifinder.ae/medical/networks/fmc/standard-network-3"
"Dubai Hospital Pharmacy-Rasalkhoor Pharmacy Group","Dubai","Pharmacy","deira","","42722011","","","https://www.medifinder.ae/medical/networks/fmc/standard-network-3"
"Dulsco Pharmacy (BR of Dulsco LLC) - Dubai","Dubai","Pharmacy","al quoz 4","","45016500","","","https://www.medifinder.ae/medical/networks/fmc/standard-network-3"
"Dulsco Pharmacy LLC, Smbzr (Dulsco Group)","Dubai","Pharmacy","shaikh zayed road","","43232442","","","https://www.medifinder.ae/medical/networks/fmc/standard-network-3"
"EL YAZIYA PHARMACY","Abu Dhabi","Pharmacy","murror street","","24493700","","","https://www.medifinder.ae/medical/networks/fmc/standard-network-3"
"Emirates Pharmacy","Ajman","Pharmacy","ajman","","67474900","","","https://www.medifinder.ae/medical/networks/fmc/standard-network-3"
"Emirates Pharmacy L.L.C (BR.DISCOVERY Garden)","Dubai","Pharmacy","sheik zayed rd","","80042273","","","https://www.medifinder.ae/medical/networks/fmc/standard-network-3"
"EMIRATES PHARMACY LLC -FUJAIRAH BRANCH","Fujairah","Pharmacy","fujairah","","45904903","","","https://www.medifinder.ae/medical/networks/fmc/standard-network-3"
"Emirates Pharmacy Llc (Emirates Hosp G)","Dubai","Pharmacy","dubai","","43792136044471777","","","https://www.medifinder.ae/medical/networks/fmc/standard-network-3"
"Emirates Pharmacy Llc (Emirates Hosp G)","Dubai","Pharmacy","al busthan","","503818321","","","https://www.medifinder.ae/medical/networks/fmc/standard-network-3"
"Emirates Pharmacy Llc (Emirates Hosp G)","Dubai","Pharmacy","motor city","","45549370","","","https://www.medifinder.ae/medical/networks/fmc/standard-network-3"
"EMIRATES PHARMACY LLC MOTORCITY BRANCH","Dubai","Pharmacy","motor city","","45549370","","","https://www.medifinder.ae/medical/networks/fmc/standard-network-3"
"Extra Life Pharmacy - Life Healthcare - DXB","Dubai","Pharmacy","al barsha","","43472212","","","https://www.medifinder.ae/medical/networks/fmc/standard-network-3"
"Faith Pharmacy - Dubai","Dubai","Pharmacy","deira","","42724279","","","https://www.medifinder.ae/medical/networks/fmc/standard-network-3"
"Faith Way Pharmacy - Dubai","Dubai","Pharmacy","jumeirah","","43798953","","","https://www.medifinder.ae/medical/networks/fmc/standard-network-3"
"Faithway Pharmacy LLC (Branch)","Dubai","Pharmacy","al muteena","","42641808","","","https://www.medifinder.ae/medical/networks/fmc/standard-network-3"
"Fajer Mirdif Pharmacy L.L.C","Dubai","Pharmacy","al muteena","","43437636","","","https://www.medifinder.ae/medical/networks/fmc/standard-network-3"
"FARDAN CENTRE PHARMACY LLC","Sharjah","Pharmacy","buhairah corniche","","65752809","","","https://www.medifinder.ae/medical/networks/fmc/standard-network-3"
"FRANCO - EMIRIEN PHARMACY","Abu Dhabi","Pharmacy","cornich","","26265722125","","","https://www.medifinder.ae/medical/networks/fmc/standard-network-3"
"FUJAIRAH PHARMACY(Health First Pharmacy 16)","Fujairah","Pharmacy","fujairah","","92229295","","","https://www.medifinder.ae/medical/networks/fmc/standard-network-3"
"Gate Better Life Pharmacy - Kmc Group","Dubai","Pharmacy","al quoz","","45586281","","","https://www.medifinder.ae/medical/networks/fmc/standard-network-3"
"Gold Life Pharmacy BR of Life Pharmacy LLC, Al Qouz (Life Pharmacies)","Dubai","Pharmacy","al quoz","","43410243","","","https://www.medifinder.ae/medical/networks/fmc/standard-network-3"
"Golden Life Pharmacy - Life Healthcare","Dubai","Pharmacy","difc","","43430077","","","https://www.medifinder.ae/medical/networks/fmc/standard-network-3"
"Golden Life Pharmacy (LLC)","Abu Dhabi","Pharmacy","al ain mall","","37221676","","","https://www.medifinder.ae/medical/networks/fmc/standard-network-3"
"Grand Emirates Pharmacy (Aah)","Ajman","Pharmacy","al busthan","","","","","https://www.medifinder.ae/medical/networks/fmc/standard-network-3"
"Grand Hamad Pharmacy (Nmc)","Sharjah","Pharmacy","al nahda","","65257556","","","https://www.medifinder.ae/medical/networks/fmc/standard-network-3"
"Grand Pharmacy Llc - Abu Dhabi","Abu Dhabi","Pharmacy","electra street","","26768666","","","https://www.medifinder.ae/medical/networks/fmc/standard-network-3"
"Hala Pharmacy - Branch 19 (King Faisal Street) Sharjah","Sharjah","Pharmacy","al tawun","","45610000","","","https://www.medifinder.ae/medical/networks/fmc/standard-network-3"
"Hala Pharmacy - Branch 19 (King Faisal Street) Sharjah","Sharjah","Pharmacy","rolla","","65218353","","","https://www.medifinder.ae/medical/networks/fmc/standard-network-3"
"Hala Pharmacy - Branch 19 (King Faisal Street) Sharjah","Sharjah","Pharmacy","al nasserya","","65220367","","","https://www.medifinder.ae/medical/networks/fmc/standard-network-3"
"Hala Pharmacy - Branch 19 (King Faisal Street) Sharjah","Sharjah","Pharmacy","sharjah","","65226348","","","https://www.medifinder.ae/medical/networks/fmc/standard-network-3"
"Hala Pharmacy - Branch 19 (King Faisal Street) Sharjah","Sharjah","Pharmacy","al nasserya","","65239833","","","https://www.medifinder.ae/medical/networks/fmc/standard-network-3"
"Hala Pharmacy - Branch 19 (King Faisal Street) Sharjah","Sharjah","Pharmacy","al khan","","65372761","","","https://www.medifinder.ae/medical/networks/fmc/standard-network-3"
"Hala Pharmacy - Branch 19 (King Faisal Street) Sharjah","Sharjah","Pharmacy","al qassimia","","65454123","","","https://www.medifinder.ae/medical/networks/fmc/standard-network-3"
"Hala Pharmacy - Branch 19 (King Faisal Street) Sharjah","Sharjah","Pharmacy","abu shagara","","65485898","","","https://www.medifinder.ae/medical/networks/fmc/standard-network-3"
"Hala Pharmacy - Branch 19 (King Faisal Street) Sharjah","Sharjah","Pharmacy","al qassimia","","65501340","","","https://www.medifinder.ae/medical/networks/fmc/standard-network-3"
"Hala Pharmacy - Branch 19 (King Faisal Street) Sharjah","Sharjah","Pharmacy","al majaz","","65506126","","","https://www.medifinder.ae/medical/networks/fmc/standard-network-3"
"Hala Pharmacy - Branch 19 (King Faisal Street) Sharjah","Sharjah","Pharmacy","al qassimia","","65515213","","","https://www.medifinder.ae/medical/networks/fmc/standard-network-3"
"Hala Pharmacy - Branch 19 (King Faisal Street) Sharjah","Sharjah","Pharmacy","al majaz","","65516022","","","https://www.medifinder.ae/medical/networks/fmc/standard-network-3"
"Hala Pharmacy - Branch 19 (King Faisal Street) Sharjah","Sharjah","Pharmacy","al nabba","","65519865","","","https://www.medifinder.ae/medical/networks/fmc/standard-network-3"
"Hala Pharmacy - Branch 19 (King Faisal Street) Sharjah","Sharjah","Pharmacy","al qassimia","","65519931","","","https://www.medifinder.ae/medical/networks/fmc/standard-network-3"
"Hala Pharmacy - Branch 19 (King Faisal Street) Sharjah","Sharjah","Pharmacy","al juraina","","65526718","","","https://www.medifinder.ae/medical/networks/fmc/standard-network-3"
"Hala Pharmacy - Branch 19 (King Faisal Street) Sharjah","Sharjah","Pharmacy","al majaz","","65560640","","","https://www.medifinder.ae/medical/networks/fmc/standard-network-3"
"Hala Pharmacy - Branch 19 (King Faisal Street) Sharjah","Sharjah","Pharmacy","sharjah","","65561718","","","https://www.medifinder.ae/medical/networks/fmc/standard-network-3"
"Hala Pharmacy - Branch 19 (King Faisal Street) Sharjah","Sharjah","Pharmacy","al nabba","","65627128","","","https://www.medifinder.ae/medical/networks/fmc/standard-network-3"
"Hala Pharmacy - Branch 19 (King Faisal Street) Sharjah","Sharjah","Pharmacy","abu shagara","","65759287","","","https://www.medifinder.ae/medical/networks/fmc/standard-network-3"
"Hala Pharmacy 13 - Dubai","Dubai","Pharmacy","international city","","44307562","","","https://www.medifinder.ae/medical/networks/fmc/standard-network-3"
"Hala Pharmacy 14 - Dubai","Dubai","Pharmacy","marina","","44305460","","","https://www.medifinder.ae/medical/networks/fmc/standard-network-3"
"Hala Pharmacy 15 LLC (Life Healthcare Group)","Dubai","Pharmacy","discovery gardens","","42766318","","","https://www.medifinder.ae/medical/networks/fmc/standard-network-3"
"Hala Pharmacy 16 - Dubai","Dubai","Pharmacy","international city","","44306947","","","https://www.medifinder.ae/medical/networks/fmc/standard-network-3"
"Hala Pharmacy 19 LLC - Dubai","Dubai","Pharmacy","international city","","44307323","","","https://www.medifinder.ae/medical/networks/fmc/standard-network-3"
"Hala Pharmacy 21 Llc Branch","Ras Al Khaimah","Pharmacy","dafan al khor","","72369729","","","https://www.medifinder.ae/medical/networks/fmc/standard-network-3"
"Hala Pharmacy 22 LLC","Ras Al Khaimah","Pharmacy","al kharran","","72433432","","","https://www.medifinder.ae/medical/networks/fmc/standard-network-3"
"Hala Pharmacy 23, RAK (Life Healthcare Group)","Ras Al Khaimah","Pharmacy","al dhaid","","72355984","","","https://www.medifinder.ae/medical/networks/fmc/standard-network-3"
"Hala Pharmacy 25 (Manar Mall) RAK","Ras Al Khaimah","Pharmacy","al juwais","","45610000","","","https://www.medifinder.ae/medical/networks/fmc/standard-network-3"
"Hala Pharmacy Branch 01 (Ajman City Centre)","Ajman","Pharmacy","al jurf","","45610000","","","https://www.medifinder.ae/medical/networks/fmc/standard-network-3"
"Hala Pharmacy Branch 34","Ras Al Khaimah","Pharmacy","al juwais","","45610000","","","https://www.medifinder.ae/medical/networks/fmc/standard-network-3"
"Hala Pharmacy Branch 36","Ras Al Khaimah","Pharmacy","al kharran","","45610000","","","https://www.medifinder.ae/medical/networks/fmc/standard-network-3"
"Hala Pharmacy21","Ras Al Khaimah","Pharmacy","al nadiyah","","72369729","","","https://www.medifinder.ae/medical/networks/fmc/standard-network-3"
"Hala Pharmacy22 (RAK)-Life Healthcare Group","Ras Al Khaimah","Pharmacy","al kharran","","72433432","","","https://www.medifinder.ae/medical/networks/fmc/standard-network-3"
"HAMAD AL MUMAYAZAH PHARMACY LLC","Ajman","Pharmacy","al busthan","","65238054","","","https://www.medifinder.ae/medical/networks/fmc/standard-network-3"
"Hamad Al Oula Pharmacy LLC - Sharjah","Sharjah","Pharmacy","al shahba","","65061600","","","https://www.medifinder.ae/medical/networks/fmc/standard-network-3"
"Hamad Pharmacy (Nmc)","Sharjah","Pharmacy","al shahba","","65582800","","","https://www.medifinder.ae/medical/networks/fmc/standard-network-3"
"Hamriya Life Pharmacy L L C-Life Healthcare Group","Dubai","Pharmacy","hor al anz","","43205128","","","https://www.medifinder.ae/medical/networks/fmc/standard-network-3"
"HEALTH FIRST PHARMACY - BR5","Sharjah","Pharmacy","al majaz","","65675572","","","https://www.medifinder.ae/medical/networks/fmc/standard-network-3"
"Health First Pharmacy - Branch 9 - Sharjah (Planet Group)","Abu Dhabi","Pharmacy","central district","","37662131","","","https://www.medifinder.ae/medical/networks/fmc/standard-network-3"
"Health First Pharmacy - Branch 9 - Sharjah (Planet Group)","Abu Dhabi","Pharmacy","al rawdah","","24494209","","","https://www.medifinder.ae/medical/networks/fmc/standard-network-3"
"Health First Pharmacy - Branch 9 - Sharjah (Planet Group)","Abu Dhabi","Pharmacy","musaffah","","25527070","","","https://www.medifinder.ae/medical/networks/fmc/standard-network-3"
"Health First Pharmacy - Branch 9 - Sharjah (Planet Group)","Abu Dhabi","Pharmacy","musaffah","","25530036","","","https://www.medifinder.ae/medical/networks/fmc/standard-network-3"
"Health First Pharmacy - Branch 9 - Sharjah (Planet Group)","Abu Dhabi","Pharmacy","baniyas","","25549055","","","https://www.medifinder.ae/medical/networks/fmc/standard-network-3"
"Health First Pharmacy - Branch 9 - Sharjah (Planet Group)","Abu Dhabi","Pharmacy","al raha","","25577611","","","https://www.medifinder.ae/medical/networks/fmc/standard-network-3"
"Health First Pharmacy - Branch 9 - Sharjah (Planet Group)","Abu Dhabi","Pharmacy","al bahyah","","25646364","","","https://www.medifinder.ae/medical/networks/fmc/standard-network-3"
"Health First Pharmacy - Branch 9 - Sharjah (Planet Group)","Abu Dhabi","Pharmacy","baniyas","","25822829","","","https://www.medifinder.ae/medical/networks/fmc/standard-network-3"
"Health First Pharmacy - Branch 9 - Sharjah (Planet Group)","Abu Dhabi","Pharmacy","al danah","","26666427","","","https://www.medifinder.ae/medical/networks/fmc/standard-network-3"
"Health First Pharmacy - Branch 9 - Sharjah (Planet Group)","Abu Dhabi","Pharmacy","al hisn","","26668798","","","https://www.medifinder.ae/medical/networks/fmc/standard-network-3"
"Health First Pharmacy - Branch 9 - Sharjah (Planet Group)","Abu Dhabi","Pharmacy","al bateen","","37804288","","","https://www.medifinder.ae/medical/networks/fmc/standard-network-3"
"Health First Pharmacy - Branch 9 - Sharjah (Planet Group)","Abu Dhabi","Pharmacy","al falah","","26746989","","","https://www.medifinder.ae/medical/networks/fmc/standard-network-3"
"HEALTH FIRST PHARMACY 15 -RAK (KHALIFA CENTER)","Ras Al Khaimah","Pharmacy","ras al khaima area","","72282991","","","https://www.medifinder.ae/medical/networks/fmc/standard-network-3"
"Health First Pharmacy 17","Fujairah","Pharmacy","hilal city","","92230340","","","https://www.medifinder.ae/medical/networks/fmc/standard-network-3"
"Health First Pharmacy 21 (Al MAdhab) Fujairah","Fujairah","Pharmacy","fujairah","","92234518","","","https://www.medifinder.ae/medical/networks/fmc/standard-network-3"
"Health First Pharmacy 26 (Murbah)  Fujairah","Fujairah","Pharmacy","mirbah","","92373985","","","https://www.medifinder.ae/medical/networks/fmc/standard-network-3"
"Health First Pharmacy 42-Planet Pharmacy","Dubai","Pharmacy","dubai marina","","45546350","","","https://www.medifinder.ae/medical/networks/fmc/standard-network-3"
"Health First Pharmacy Branch 18 (Al Shahama) Abu Dhabi","Abu Dhabi","Pharmacy","saadiyat island","","26219720","","","https://www.medifinder.ae/medical/networks/fmc/standard-network-3"
"HEALTH FIRST PHARMACY BRANCH 2(New) (FORMERLY SANDS PHARMACY)(New)_MOH-F-5000137","Sharjah","Pharmacy","al wahda street","","65336128","","","https://www.medifinder.ae/medical/networks/fmc/standard-network-3"
"Health First Pharmacy L.L.C. - Branch 10","Abu Dhabi","Pharmacy","baniyas","","25833655","","","https://www.medifinder.ae/medical/networks/fmc/standard-network-3"
"Health Sign Pharmacy L.L.C, Dubai","Dubai","Pharmacy","karama","","43300301","","","https://www.medifinder.ae/medical/networks/fmc/standard-network-3"
"HEALTHCARE PHARMACY KALBA","Sharjah","Pharmacy","kalba road","","92772394","","","https://www.medifinder.ae/medical/networks/fmc/standard-network-3"
"HEMAYA PHARMACY LLC","Ajman","Pharmacy","jerf industrial area-1","","67487951","","","https://www.medifinder.ae/medical/networks/fmc/standard-network-3"
"HOME HEALTH PHARMACY","Abu Dhabi","Pharmacy","al jimmi area","","37630025","","","https://www.medifinder.ae/medical/networks/fmc/standard-network-3"
"ISLAMABAD PHARMACY","Abu Dhabi","Pharmacy","mussafah","","37377168","","","https://www.medifinder.ae/medical/networks/fmc/standard-network-3"
"J.B.R. Life Pharmacy - Life Healthcare Group","Dubai","Pharmacy","dubai marina","","44281432","","","https://www.medifinder.ae/medical/networks/fmc/standard-network-3"
"Jbr Life Pharmacy 2 BR of Life Pharmacy LLC","Dubai","Pharmacy","jbr","","45610000","","","https://www.medifinder.ae/medical/networks/fmc/standard-network-3"
"Jbr Shams Pharmacy LLC-Life Healthcare Group","Dubai","Pharmacy","jbr","","44253592","","","https://www.medifinder.ae/medical/networks/fmc/standard-network-3"
"Jumeira Better Life Pharmacy","Dubai","Pharmacy","jumeirah","","44472080","","","https://www.medifinder.ae/medical/networks/fmc/standard-network-3"
"JVC Life Pharmacy LLC-Life Healthcare Group","Dubai","Pharmacy","jvc","","45578841","","","https://www.medifinder.ae/medical/networks/fmc/standard-network-3"
"Khalid  Lala  Pharmacy  Llc","Ajman","Pharmacy","jurf","","67403227","","","https://www.medifinder.ae/medical/networks/fmc/standard-network-3"
"Knights Pharmacy-Khalifa Branch (PF1431)","Abu Dhabi","Pharmacy","khalifa street","","26277864","","","https://www.medifinder.ae/medical/networks/fmc/standard-network-3"
"Life Al Badaa Pharmacy L.L.C-Life Healthcare Group","Dubai","Pharmacy","al badaa","","43596837","","","https://www.medifinder.ae/medical/networks/fmc/standard-network-3"
"Life Al Barsha Pharmacy - Life Healthcare Group","Dubai","Pharmacy","mirdif","","42840898","","","https://www.medifinder.ae/medical/networks/fmc/standard-network-3"
"Life Al Hamriya (BR of Life Pharmacy LLC) - Dubai","Dubai","Pharmacy","bur dubai","","43571148","","","https://www.medifinder.ae/medical/networks/fmc/standard-network-3"
"Life Al Karama Pharmacy - Life Healthcare Group","Dubai","Pharmacy","karama","","43969774","","","https://www.medifinder.ae/medical/networks/fmc/standard-network-3"
"Life Al Nahda Pharmacy L.L.C-Life Healthcare Group","Dubai","Pharmacy","al nahda","","42636919","","","https://www.medifinder.ae/medical/networks/fmc/standard-network-3"
"Life Al Qusais Pharmacy LLC-Life Healthcare Group","Dubai","Pharmacy","al qusais","","42633318","","","https://www.medifinder.ae/medical/networks/fmc/standard-network-3"
"Life Al Riqqa 2 (BR of Life Pharmacy LLC) - Dubai","Dubai","Pharmacy","al muraqqabat","","45610000","","","https://www.medifinder.ae/medical/networks/fmc/standard-network-3"
"Life Al Riqqa Pharmacy L.L.C-Life Healthcare Group","Dubai","Pharmacy","al rigga","","42522421","","","https://www.medifinder.ae/medical/networks/fmc/standard-network-3"
"Life Al Shab Pharmacy L.L.C-Life Healthcare Group","Dubai","Pharmacy","hor al anz","","43205629","","","https://www.medifinder.ae/medical/networks/fmc/standard-network-3"
"LIFE AL YALAYIS 1 (BR OF LIFE PHARMACY 3 L.L.C)","Dubai","Pharmacy","dubai","","43683426","","","https://www.medifinder.ae/medical/networks/fmc/standard-network-3"
"Life Dip Pharmacy LLC-Life Healthcare Group","Dubai","Pharmacy","dip 1","","48851933","","","https://www.medifinder.ae/medical/networks/fmc/standard-network-3"
"Life Mayfair Pharmacy L.L.C-Life Healthcare Group","Dubai","Pharmacy","business bay","","45516840","","","https://www.medifinder.ae/medical/networks/fmc/standard-network-3"
"Life Pearl Pharmacy L.L.C-Life Healthcare Group","Dubai","Pharmacy","marina","","45516770","","","https://www.medifinder.ae/medical/networks/fmc/standard-network-3"
"Life Pharmacy - Lamcy Branch - Dubai","Dubai","Pharmacy","deira","","42282849","","","https://www.medifinder.ae/medical/networks/fmc/standard-network-3"
"Life Pharmacy 10 (BR of Life Pharmacy LLC) - Dubai","Dubai","Pharmacy","jbr","","45610000","","","https://www.medifinder.ae/medical/networks/fmc/standard-network-3"
"Life Pharmacy 15 BR of Life Pharmacy LLC","Dubai","Pharmacy","hor al anz","","45610000","","","https://www.medifinder.ae/medical/networks/fmc/standard-network-3"
"Life Pharmacy 26 BR of Life Pharmacy LLC - Dubai","Dubai","Pharmacy","dubai hills","","45610000","","","https://www.medifinder.ae/medical/networks/fmc/standard-network-3"
"Life Pharmacy 3 LLC-Life Healthcare Group","Dubai","Pharmacy","sheik zayed rd","","43328385","","","https://www.medifinder.ae/medical/networks/fmc/standard-network-3"
"Life Pharmacy 3 LLC-Life Healthcare Group","Dubai","Pharmacy","deira","","42366021","","","https://www.medifinder.ae/medical/networks/fmc/standard-network-3"
"Life Pharmacy 3 LLC-Life Healthcare Group","Dubai","Pharmacy","jumeirah","","42434106","","","https://www.medifinder.ae/medical/networks/fmc/standard-network-3"
"Life Pharmacy 3 LLC-Life Healthcare Group","Dubai","Pharmacy","international city","","45135355","","","https://www.medifinder.ae/medical/networks/fmc/standard-network-3"
"Life Pharmacy 3 LLC-Life Healthcare Group","Dubai","Pharmacy","business bay","","45610000","","","https://www.medifinder.ae/medical/networks/fmc/standard-network-3"
"Life Pharmacy 35 (BR of Life Pharmacy LLC) Prvsly Life Pharmacy Jvt 2 - Dubai","Dubai","Pharmacy","jvt","","45610000","","","https://www.medifinder.ae/medical/networks/fmc/standard-network-3"
"Life Pharmacy 5 LLC-Life Healthcare Group","Dubai","Pharmacy","dubai","","42366623","","","https://www.medifinder.ae/medical/networks/fmc/standard-network-3"
"Life Pharmacy 8 (BR of Life Pharmacy LLC) - Dubai","Dubai","Pharmacy","al barsha","","45610000","","","https://www.medifinder.ae/medical/networks/fmc/standard-network-3"
"Life Pharmacy Dfc BR of Life Pharmacy LLC","Dubai","Pharmacy","festival city","","45610000","","","https://www.medifinder.ae/medical/networks/fmc/standard-network-3"
"Life Pharmacy Dip 2 BR of Life Pharmacy LLC, Dip (Life Healthcare Group)","Dubai","Pharmacy","dip 1","","48802157","","","https://www.medifinder.ae/medical/networks/fmc/standard-network-3"
"Life Pharmacy Hills BR of Life Pharmacy LLC - the HILLS(LIFE Pharmacy Group)","Dubai","Pharmacy","dubai hills","","45610000","","","https://www.medifinder.ae/medical/networks/fmc/standard-network-3"
"Life Pharmacy L L C Branch","Dubai","Pharmacy","dubai","","43966711","","","https://www.medifinder.ae/medical/networks/fmc/standard-network-3"
"Life Pharmacy Marina Walk BR of Life Pharmacy LLC","Dubai","Pharmacy","marina","","45610000","","","https://www.medifinder.ae/medical/networks/fmc/standard-network-3"
"Life Pharmacy N K Mall (BR. of Life Pharmacy) - Dubai","Dubai","Pharmacy","palm jumeirah","","45610000","","","https://www.medifinder.ae/medical/networks/fmc/standard-network-3"
"Life Rose Pharmacy LLC-Life Healthcare Group","Dubai","Pharmacy","international city","","45521395","","","https://www.medifinder.ae/medical/networks/fmc/standard-network-3"
"Life Two Pharmacy L.L.C-Life Healthcare Group","Dubai","Pharmacy","sheikh zayed road","","43550057","","","https://www.medifinder.ae/medical/networks/fmc/standard-network-3"
"Life Two Pharmacy L.L.C-Life Healthcare Group","Dubai","Pharmacy","business bay","","45520750","","","https://www.medifinder.ae/medical/networks/fmc/standard-network-3"
"Lifecare International Pharmacy LLC-Branch 1-PF2581","Abu Dhabi","Pharmacy","mussafah","","24148226","","","https://www.medifinder.ae/medical/networks/fmc/standard-network-3"
"LLH HOSPITAL PHARMACY ALMUSAFFAH","Abu Dhabi","Pharmacy","mussafah","","25557711","","","https://www.medifinder.ae/medical/networks/fmc/standard-network-3"
"LLH Hospital Pharmacy- LLC","Abu Dhabi","Pharmacy","electra street","","26333340","","","https://www.medifinder.ae/medical/networks/fmc/standard-network-3"
"Lulu Dibba Pharmacy Llc (Docib Grp)","Fujairah","Pharmacy","dibba","","92431399","","","https://www.medifinder.ae/medical/networks/fmc/standard-network-3"
"MANARAT AL CORNICHE PHARMACY","Sharjah","Pharmacy","al buhaira area","","65514180","","","https://www.medifinder.ae/medical/networks/fmc/standard-network-3"
"MARYAM PHARMACY","Abu Dhabi","Pharmacy","defence street","","26421043","","","https://www.medifinder.ae/medical/networks/fmc/standard-network-3"
"Mas Life Pharmacy Br Of Life Pharmacy Llc","Dubai","Pharmacy","bur dubai","","45610000","","","https://www.medifinder.ae/medical/networks/fmc/standard-network-3"
"Masafi Pharmacy (Al Yarmouk) Sharjah","Sharjah","Pharmacy","sharjah","","65721805","","","https://www.medifinder.ae/medical/networks/fmc/standard-network-3"
"Mawjood Pharmacy - (Al Neem Pharmacy Group)","Ajman","Pharmacy","rashidiya 3","","67429030","","","https://www.medifinder.ae/medical/networks/fmc/standard-network-3"
"Medi Prime Pharmacy Barsha Heights (BR of Medi Prime Pharmacy LLC) - Dubai","Dubai","Pharmacy","al barsha","","47070999","","","https://www.medifinder.ae/medical/networks/fmc/standard-network-3"
"Medi Prime Pharmacy Jumeirah Branch L.L.C(PRIME Healthcare Group)","Dubai","Pharmacy","al safa","","47070999","","","https://www.medifinder.ae/medical/networks/fmc/standard-network-3"
"MEDICAL PARK PHARMACY L.L.C.","Abu Dhabi","Pharmacy","khalidiya","","23028888","","","https://www.medifinder.ae/medical/networks/fmc/standard-network-3"
"Medical Park Pharmacy LLC - PF2773 (BR of Medical Park Consultants One Day Surgery)","Abu Dhabi","Pharmacy","khalidiya","","23028888","","","https://www.medifinder.ae/medical/networks/fmc/standard-network-3"
"MEDICINA 22 PHARMACY","Fujairah","Pharmacy","kalba","","92770371","","","https://www.medifinder.ae/medical/networks/fmc/standard-network-3"
"MEDICINA 28 PHARMACY (PREVIOUSLY MEDICINA PHARMACY - FUJAIRAH)","Fujairah","Pharmacy","fujairah","","92441604","","","https://www.medifinder.ae/medical/networks/fmc/standard-network-3"
"Medicina 29 Pharmacy","Ajman","Pharmacy","union coop.","","67472207","","","https://www.medifinder.ae/medical/networks/fmc/standard-network-3"
"MEDICINA AJMAN PHARMACY","Ajman","Pharmacy","al nuaimia","","67499717","","","https://www.medifinder.ae/medical/networks/fmc/standard-network-3"
"Medicina Al Falah Pharmacy","Abu Dhabi","Pharmacy","abu dhabi","","25846880","","","https://www.medifinder.ae/medical/networks/fmc/standard-network-3"
"Medicina Al Muneera Pharmacy","Abu Dhabi","Pharmacy","al raha beach","","25513004","","","https://www.medifinder.ae/medical/networks/fmc/standard-network-3"
"Medicina Gulf Pharmacy","Abu Dhabi","Pharmacy","abu dhabi","","24483454","","","https://www.medifinder.ae/medical/networks/fmc/standard-network-3"
"Medicina International Pharmacy","Abu Dhabi","Pharmacy","abu dhabi","","24496744","","","https://www.medifinder.ae/medical/networks/fmc/standard-network-3"
"Medicina Pharmacy - Branch 32 (Al Shahama 2) - Abu Dhabi","Abu Dhabi","Pharmacy","khalifa street","","26589543","","","https://www.medifinder.ae/medical/networks/fmc/standard-network-3"
"Medicina Pharmacy Branch (Al Thanyah 4) Dubai Prvsly Medicina First Pharmacy - Dubai","Dubai","Pharmacy","jumeirah","","43471266","","","https://www.medifinder.ae/medical/networks/fmc/standard-network-3"
"Medicine Shoppe Al Murur Pharmacy (Vps)","Abu Dhabi","Pharmacy","murror street","","26438330","","","https://www.medifinder.ae/medical/networks/fmc/standard-network-3"
"MEDICINE SHOPPE ALWAHDA MALL PHARMACY 2 LLC","Abu Dhabi","Pharmacy","defence street","","24918787","","","https://www.medifinder.ae/medical/networks/fmc/standard-network-3"
"MEDICINE SHOPPE KHALIFA A PHARMACY LLC","Abu Dhabi","Pharmacy","khalifa street","","25567933","","","https://www.medifinder.ae/medical/networks/fmc/standard-network-3"
"MEDICINE SHOPPE MADINA ZAYED PHARMACY","Abu Dhabi","Pharmacy","electra street","","26588918","","","https://www.medifinder.ae/medical/networks/fmc/standard-network-3"
"MEDICINE SHOPPE MAZYAD MALL PHARMACY LLC","Abu Dhabi","Pharmacy","mussafah","","25534848","","","https://www.medifinder.ae/medical/networks/fmc/standard-network-3"
"MEDICINE SHOPPE MUSHRIF MALL PHARMACY","Abu Dhabi","Pharmacy","old passport road","","24470407","","","https://www.medifinder.ae/medical/networks/fmc/standard-network-3"
"Medicom Pharmacy 33 LLC - UAQ Branch","Umm Al Quwain","Pharmacy","salamah","","67650014","","","https://www.medifinder.ae/medical/networks/fmc/standard-network-3"
"Medline Pharmacy LLC","Abu Dhabi","Pharmacy","mussafah","","25548669","","","https://www.medifinder.ae/medical/networks/fmc/standard-network-3"
"MEDY MART PHARMACY LLC","Dubai","Pharmacy","karama","","43426728","","","https://www.medifinder.ae/medical/networks/fmc/standard-network-3"
"Modern Life Pharmacy - Life Healthcare","Dubai","Pharmacy","al aweer","","43332996","","","https://www.medifinder.ae/medical/networks/fmc/standard-network-3"
"Modern Pharmacy Branch Al Maktoum","Dubai","Pharmacy","healthcare city","","42223879","","","https://www.medifinder.ae/medical/networks/fmc/standard-network-3"
"Modern Pharmacy L.L.C (Sole Proprietorship) -Branch-06 (Ex.Thumbay Pharmacy)","Ajman","Pharmacy","al rumailah","","67470701","","","https://www.medifinder.ae/medical/networks/fmc/standard-network-3"
"Modern Pharmacy LLC (One Person)Rak Branch 02(Ex.Thumbay Pharmacy 11)","Ras Al Khaimah","Pharmacy","khozam area","","72364888","","","https://www.medifinder.ae/medical/networks/fmc/standard-network-3"
"Modern Pharmacy LLC Branch 03 (Al Nuaimiyah) Ajman (Ex. Thumbay Pharmacy 13)","Ajman","Pharmacy","al jurf","","67480066","","","https://www.medifinder.ae/medical/networks/fmc/standard-network-3"
"Nahda Al Naseem Pharmacy LLC - Al Nahda - Dubai","Dubai","Pharmacy","nahda","","42581920","","","https://www.medifinder.ae/medical/networks/fmc/standard-network-3"
"Nahdi Pharmacy L.L.C - Branch of Abu Dhabi 2","Abu Dhabi","Pharmacy","nadd al hamar","","26281044","","","https://www.medifinder.ae/medical/networks/fmc/standard-network-3"
"Nahdi Pharmacy L.L.C – Branch of Abu Dhabi 1","Abu Dhabi","Pharmacy","mussafah","","28865982","","","https://www.medifinder.ae/medical/networks/fmc/standard-network-3"
"Najmat Al Shams Pharmacy (Dubai Land Residence) - Dubai","Dubai","Pharmacy","dubai","","45521453","","","https://www.medifinder.ae/medical/networks/fmc/standard-network-3"
"National Pharmacy_uaq","Umm Al Quwain","Pharmacy","king faisal road","","67666117","","","https://www.medifinder.ae/medical/networks/fmc/standard-network-3"
"Neo Pharmacy L.L.C","Dubai","Pharmacy","al quoz second","","43320266","","","https://www.medifinder.ae/medical/networks/fmc/standard-network-3"
"Neo Pharmacy L.L.C","Dubai","Pharmacy","dip (dubai investment park)","","48814918","","","https://www.medifinder.ae/medical/networks/fmc/standard-network-3"
"NEW AL AHRAM PHARMACY","Abu Dhabi","Pharmacy","khaledia street","","26442869","","","https://www.medifinder.ae/medical/networks/fmc/standard-network-3"
"New Al Kanz Pharmacy Branch - Dubai","Dubai","Pharmacy","jlt","","43929669","","","https://www.medifinder.ae/medical/networks/fmc/standard-network-3"
"New Al Manara Pharmacy","Abu Dhabi","Pharmacy","khalidiya","","26815080","","","https://www.medifinder.ae/medical/networks/fmc/standard-network-3"
"New Al Manara Pharmacy-Dubai","Dubai","Pharmacy","tecom","","43604495","","","https://www.medifinder.ae/medical/networks/fmc/standard-network-3"
"New Al Nahda - Life Healthcare","Dubai","Pharmacy","al nahda","","42672855","","","https://www.medifinder.ae/medical/networks/fmc/standard-network-3"
"New Al Neem Pharmacy LLC-Al Neem Group","Dubai","Pharmacy","alquoz 2","","43282121","","","https://www.medifinder.ae/medical/networks/fmc/standard-network-3"
"New Alhadiqa Pharmcy L.L.C-Life Healthcare Group","Dubai","Pharmacy","jumeriah","","43791553","","","https://www.medifinder.ae/medical/networks/fmc/standard-network-3"
"NEW CANDLES PHARMACY","Abu Dhabi","Pharmacy","al dafra","","28844343","","","https://www.medifinder.ae/medical/networks/fmc/standard-network-3"
"New Grand 1 Pharmacy-Life Healthcare Group","Dubai","Pharmacy","bur dubai","","43518474","","","https://www.medifinder.ae/medical/networks/fmc/standard-network-3"
"New Mamzar Pharmacy LLC-Life Healthcare Group","Dubai","Pharmacy","deira","","42967710","","","https://www.medifinder.ae/medical/networks/fmc/standard-network-3"
"New Salahaldin Pharmacy FZE-Life Healthcare Group","Dubai","Pharmacy","silicon oasis","","43335822","","","https://www.medifinder.ae/medical/networks/fmc/standard-network-3"
"New Sanaiya Pharmacy (Sanaiya)","Dubai","Pharmacy","muhaisnah","","42648202","","","https://www.medifinder.ae/medical/networks/fmc/standard-network-3"
"New Sanaiya Pharmacy Ajman (Sanaiya)","Ajman","Pharmacy","industrial area","","67434034","","","https://www.medifinder.ae/medical/networks/fmc/standard-network-3"
"NMC PHARMACY BRANCH-HOSPITAL","Abu Dhabi","Pharmacy","madinath zayed","","26179143","","","https://www.medifinder.ae/medical/networks/fmc/standard-network-3"
"NMC ROYAL PHARMACY-RAK (NMC Health Group )","Ras Al Khaimah","Pharmacy","ras al khaimah","","72332832","","","https://www.medifinder.ae/medical/networks/fmc/standard-network-3"
"Noor Al Iman PHARMACY(L.L.C)-Life Healthcare Group","Dubai","Pharmacy","jumeirah","","43790110","","","https://www.medifinder.ae/medical/networks/fmc/standard-network-3"
"Noor Al Mamzar Pharmacy-Life Healthcare Group","Dubai","Pharmacy","hor al anz","","42669299","","","https://www.medifinder.ae/medical/networks/fmc/standard-network-3"
"Noor Al Shefaa Pharmacy - RAK (Al Neem Group)","Ras Al Khaimah","Pharmacy","al madrid","","528648485","","","https://www.medifinder.ae/medical/networks/fmc/standard-network-3"
"Noor Al Shefaa Pharmacy LLC-Life Healthcare Group","Dubai","Pharmacy","deira","","42396671","","","https://www.medifinder.ae/medical/networks/fmc/standard-network-3"
"Noor Al Shefaa Pharmacy LLC-Life Healthcare Group","Dubai","Pharmacy","naif","","42396897","","","https://www.medifinder.ae/medical/networks/fmc/standard-network-3"
"Noora Pharmacy LLC - Sharjah","Sharjah","Pharmacy","industrial area 3","","65422188","","","https://www.medifinder.ae/medical/networks/fmc/standard-network-3"
"Noora Pharmacy-RAK (Noora Group)","Ras Al Khaimah","Pharmacy","al muntasir road","","72338869","","","https://www.medifinder.ae/medical/networks/fmc/standard-network-3"
"Nova Advanced Care Pharmacy LLC-Advanced Care Group","Dubai","Pharmacy","muhaisnah","","42638227","","","https://www.medifinder.ae/medical/networks/fmc/standard-network-3"
"Oasis Life Pharmacy - Life Healthcare","Dubai","Pharmacy","al qusais","","42586774","","","https://www.medifinder.ae/medical/networks/fmc/standard-network-3"
"Palmstrips Pharmacy L L C","Dubai","Pharmacy","jumeirah","","43862335","","","https://www.medifinder.ae/medical/networks/fmc/standard-network-3"
"Park Better Life Pharmacy (L.LC) (Branch)","Dubai","Pharmacy","dip","","48848859","","","https://www.medifinder.ae/medical/networks/fmc/standard-network-3"
"PLANET PHARMACY - ROKN AL KHAEEJ","Dubai","Pharmacy","business bay","","44587004","","","https://www.medifinder.ae/medical/networks/fmc/standard-network-3"
"Ramada Life Pharmacy - Life Healthcare","Dubai","Pharmacy","bur dubai","","43528104","","","https://www.medifinder.ae/medical/networks/fmc/standard-network-3"
"Rasha Pharmacy LLC-Meena Pharmacy Group","Sharjah","Pharmacy","rolla","","65625889","","","https://www.medifinder.ae/medical/networks/fmc/standard-network-3"
"Real 3 Pharmacy L.L.C (Life Healthcare Group)","Dubai","Pharmacy","al barsha","","43413745","","","https://www.medifinder.ae/medical/networks/fmc/standard-network-3"
"Real 3 Pharmacy L.L.C (Life Healthcare Group)","Dubai","Pharmacy","umm hurair","","43575446","","","https://www.medifinder.ae/medical/networks/fmc/standard-network-3"
"Real 4 Pharmacy - Dubai","Dubai","Pharmacy","business bay","","43881558","","","https://www.medifinder.ae/medical/networks/fmc/standard-network-3"
"Real 5 Pharamacy LLC-Life Healthcare Group","Dubai","Pharmacy","al nahda","","42577545","","","https://www.medifinder.ae/medical/networks/fmc/standard-network-3"
"Right Health Pharmacy Jurf - Owned By Owner - One Person Co LLC - Ajman","Ajman","Pharmacy","jurf industrial zone 2","","67404141","","","https://www.medifinder.ae/medical/networks/fmc/standard-network-3"
"Riviera Life Pharmacy LLC-Life Healthcare Group","Dubai","Pharmacy","international city","","44564220","","","https://www.medifinder.ae/medical/networks/fmc/standard-network-3"
"Rotana Pharmacy Dubai","Dubai","Pharmacy","hor al anz","","42652008","","","https://www.medifinder.ae/medical/networks/fmc/standard-network-3"
"ROUA PHARMACY L.L.C","Umm Al Quwain","Pharmacy","al raas","","67660688","","","https://www.medifinder.ae/medical/networks/fmc/standard-network-3"
"Royal Garden Pharmacy LLC.","Sharjah","Pharmacy","rolla square","","65313838","","","https://www.medifinder.ae/medical/networks/fmc/standard-network-3"
"Royal Grand Pharmacy - Life Healthcare - DXB","Dubai","Pharmacy","international city","","44474078","","","https://www.medifinder.ae/medical/networks/fmc/standard-network-3"
"Royal Marina Pharmacy-Life Healthcare Group","Dubai","Pharmacy","marina","","43475991","","","https://www.medifinder.ae/medical/networks/fmc/standard-network-3"
"Royal Pharmacy - Life Healthcare","Dubai","Pharmacy","bur dubai","","43522426","","","https://www.medifinder.ae/medical/networks/fmc/standard-network-3"
"ROYAL PHARMACY, AJMAN","Ajman","Pharmacy","karama area","","67428119","","","https://www.medifinder.ae/medical/networks/fmc/standard-network-3"
"Royal Ruby Pharmacy, Al Quoz-New Sanaiya Group","Dubai","Pharmacy","dip 1","","43791311","","","https://www.medifinder.ae/medical/networks/fmc/standard-network-3"
"Rukn Al Hayat Pharmacy L.L.C (Alneem Group)","Sharjah","Pharmacy","al majaz","","65444534","","","https://www.medifinder.ae/medical/networks/fmc/standard-network-3"
"RUKN AL RIQA PHARMACY","Fujairah","Pharmacy","kalba","","92773943","","","https://www.medifinder.ae/medical/networks/fmc/standard-network-3"
"S Z R Life Pharmacy (Sheikh Zayed Road) -  Dubai","Dubai","Pharmacy","sheikh zayed road","","45610000","","","https://www.medifinder.ae/medical/networks/fmc/standard-network-3"
"Safaa Al Madam Pharmacy","Sharjah","Pharmacy","al madam","","68861115","","","https://www.medifinder.ae/medical/networks/fmc/standard-network-3"
"SAFAD PHARMACY(Health First 20 Pharmacy)","Fujairah","Pharmacy","fujairah","","92447064","","","https://www.medifinder.ae/medical/networks/fmc/standard-network-3"
"Sahara Life Pharmacy LLC-Life Healthcare Group","Sharjah","Pharmacy","al nahda","","65566349","","","https://www.medifinder.ae/medical/networks/fmc/standard-network-3"
"SAHARA PHARMACY_AJMAN","Ajman","Pharmacy","jurf","","67486046","","","https://www.medifinder.ae/medical/networks/fmc/standard-network-3"
"SAHARA PHARMACY_DUBAI","Dubai","Pharmacy","al qusais","","42638485","","","https://www.medifinder.ae/medical/networks/fmc/standard-network-3"
"Sahara Star Pharmacy - Dubai - (Novo Healthcare Group)","Dubai","Pharmacy","abu hail","","42688485","","","https://www.medifinder.ae/medical/networks/fmc/standard-network-3"
"SAIF AL KHAN PHARMACY L.L.C(Formerly AL SAIF PHARMACY-BR 1)","Sharjah","Pharmacy","industrial area","","65391300","","","https://www.medifinder.ae/medical/networks/fmc/standard-network-3"
"Salma Pharmacy (Nakheel Group)","Umm Al Quwain","Pharmacy","main road","","67671162","","","https://www.medifinder.ae/medical/networks/fmc/standard-network-3"
"Salsabeel Pharmacy LLC - Sharjah - (Novo Healthcare Group)","Sharjah","Pharmacy","al nahda","","65368988","","","https://www.medifinder.ae/medical/networks/fmc/standard-network-3"
"SAMA AL RAFAH PHARMACY","Fujairah","Pharmacy","fujairah","","92440481","","","https://www.medifinder.ae/medical/networks/fmc/standard-network-3"
"SARA PHARMACY_Sharjah","Sharjah","Pharmacy","rolla","","65684449","","","https://www.medifinder.ae/medical/networks/fmc/standard-network-3"
"SBN PHARMACY LLC","Dubai","Pharmacy","deira","","42955319","","","https://www.medifinder.ae/medical/networks/fmc/standard-network-3"
"SEHA EMIRATES ONE DAY SURGERY PHARMACY LLC","Abu Dhabi","Pharmacy","delma st.","","26397800","","","https://www.medifinder.ae/medical/networks/fmc/standard-network-3"
"SEHA EMIRATES PHARMACY L.L.C","Abu Dhabi","Pharmacy","delma street","","26397800","","","https://www.medifinder.ae/medical/networks/fmc/standard-network-3"
"SHAREEF PHARMACY","Abu Dhabi","Pharmacy","hamdan street","","26772691","","","https://www.medifinder.ae/medical/networks/fmc/standard-network-3"
"Sharjah Pharmacy (Nmc)","Sharjah","Pharmacy","rolla","","65623850","","","https://www.medifinder.ae/medical/networks/fmc/standard-network-3"
"Shifa Al Jazeerah Pharmacy LLC - RAK","Ras Al Khaimah","Pharmacy","al nakheel","","72211218","","","https://www.medifinder.ae/medical/networks/fmc/standard-network-3"
"SIJI PHARMACY(Health First Pharmacy 18)","Fujairah","Pharmacy","fujairah","","92231540","","","https://www.medifinder.ae/medical/networks/fmc/standard-network-3"
"Smile Pharmacy (Sonapur) Dubai","Dubai","Pharmacy","muhaisnah","","42643567","","","https://www.medifinder.ae/medical/networks/fmc/standard-network-3"
"SPECIALISED PHARMACY","Abu Dhabi","Pharmacy","taxi stand","","24467434","","","https://www.medifinder.ae/medical/networks/fmc/standard-network-3"
"Standard Pharmacy","Abu Dhabi","Pharmacy","mussafah","","25513394","","","https://www.medifinder.ae/medical/networks/fmc/standard-network-3"
"SUHA PHARMACY(New)_MOH-F-5001023","Fujairah","Pharmacy","bidya","","554453800","","","https://www.medifinder.ae/medical/networks/fmc/standard-network-3"
"Supercare Pharmacy - Branch of Abu Dhabi 3","Abu Dhabi","Pharmacy","al shahama","","25821044","","","https://www.medifinder.ae/medical/networks/fmc/standard-network-3"
"Supercare Pharmacy 38- Supercare Pharmacy Group","Dubai","Pharmacy","mirdiff","","43504500","","","https://www.medifinder.ae/medical/networks/fmc/standard-network-3"
"Supercare Pharmacy 44- Supercare Pharmacy Group","Dubai","Pharmacy","motor city","","43256464","","","https://www.medifinder.ae/medical/networks/fmc/standard-network-3"
"Supercare Pharmacy Llc - Branch","Dubai","Pharmacy","mirdif","","43443652","","","https://www.medifinder.ae/medical/networks/fmc/standard-network-3"
"SUPERCARE PHARMACY MIRDIF","Dubai","Pharmacy","mirdif","","42839171042839172","","","https://www.medifinder.ae/medical/networks/fmc/standard-network-3"
"Supercare Pharmacy Mirdif 2 - Dubai","Dubai","Pharmacy","mirdif","","42858222","","","https://www.medifinder.ae/medical/networks/fmc/standard-network-3"
"Supercare Pharmacy-Branch Of Abu Dhabi 1","Abu Dhabi","Pharmacy","al shahama","","25651654","","","https://www.medifinder.ae/medical/networks/fmc/standard-network-3"
"Supercare Pharmacy-Branch Of Abu Dhabi 2","Abu Dhabi","Pharmacy","mussaffa","","26653350","","","https://www.medifinder.ae/medical/networks/fmc/standard-network-3"
"Sustainable Life Pharmacy-Life Healthcare Group-Dubai","Dubai","Pharmacy","dubai","","43679970","","","https://www.medifinder.ae/medical/networks/fmc/standard-network-3"
"Tajeran Pharmacy.","Umm Al Quwain","Pharmacy","al raas","","67652291","","","https://www.medifinder.ae/medical/networks/fmc/standard-network-3"
"TARIQ PHARMACY","Sharjah","Pharmacy","rolla","","65686255","","","https://www.medifinder.ae/medical/networks/fmc/standard-network-3"
"THE MEDICINE SHOPPE AL WAHDA MALL  PHARMACY","Abu Dhabi","Pharmacy","taxi stand","","24437788","","","https://www.medifinder.ae/medical/networks/fmc/standard-network-3"
"The Point Life Pharmacy (BR of Life Pharmacy LLC) - Dubai","Dubai","Pharmacy","jumeirah","","45610000","","","https://www.medifinder.ae/medical/networks/fmc/standard-network-3"
"Town Life Pharmacy - Life Healthcare Group","Dubai","Pharmacy","mirdiff","","42848355","","","https://www.medifinder.ae/medical/networks/fmc/standard-network-3"
"Town Square Life Pharmacy BR of Life Pharmacy LLC","Dubai","Pharmacy","town square","","45610000","","","https://www.medifinder.ae/medical/networks/fmc/standard-network-3"
"TULIP FOUR PHARMACY","Abu Dhabi","Pharmacy","mussaffa","","25502276","","","https://www.medifinder.ae/medical/networks/fmc/standard-network-3"
"Tulip Pharmacy LLC","Sharjah","Pharmacy","abu shagarah","","65755069","","","https://www.medifinder.ae/medical/networks/fmc/standard-network-3"
"TULIP THREE PHARMACY","Abu Dhabi","Pharmacy","reem island","","26507580","","","https://www.medifinder.ae/medical/networks/fmc/standard-network-3"
"UAQ PHARMACY(Health First Pharmacy 12)","Umm Al Quwain","Pharmacy","main road","","67656180","","","https://www.medifinder.ae/medical/networks/fmc/standard-network-3"
"WARDAH PHARMACY","Sharjah","Pharmacy","industrial area","","65333693","","","https://www.medifinder.ae/medical/networks/fmc/standard-network-3"
"WELLFAST PHARMACY","Dubai","Pharmacy","karama","","43977386","","","https://www.medifinder.ae/medical/networks/fmc/standard-network-3"
"Wellness Pharmacy (New Industrial Area) Umm Al Quwain","Umm Al Quwain","Pharmacy","al raafah","","66786664","","","https://www.medifinder.ae/medical/networks/fmc/standard-network-3"
"Yas Pharmacy (Asia Group)","Sharjah","Pharmacy","industrial area","","65361256","","","https://www.medifinder.ae/medical/networks/fmc/standard-network-3"
"YASMED PHARMACY L.L.C","Umm Al Quwain","Pharmacy","umm thoab","","65299064","","","https://www.medifinder.ae/medical/networks/fmc/standard-network-3"
"Yassat Life Pharmacy LLC-Life Healthcare Group","Dubai","Pharmacy","dpc","","45646424","","","https://www.medifinder.ae/medical/networks/fmc/standard-network-3"
"Yassat Life Pharmacy LLC-Life Healthcare Group","Dubai","Pharmacy","tecom","","43792799","","","https://www.medifinder.ae/medical/networks/fmc/standard-network-3"
"YATHREB PHARMACY","Abu Dhabi","Pharmacy","industrial area","","37640314","","","https://www.medifinder.ae/medical/networks/fmc/standard-network-3"
"Yousry Pharmacy","Abu Dhabi","Pharmacy","khalidiya street","","26669073","","","https://www.medifinder.ae/medical/networks/fmc/standard-network-3"
"Zahrat Al Madinah Pharmacy (National Paint) Sharjah","Sharjah","Pharmacy","industrial area 13","","65327075","","","https://www.medifinder.ae/medical/networks/fmc/standard-network-3"
"Zahrat Al Rabie Pharmacy","Sharjah","Pharmacy","al majaz","","65546800","","","https://www.medifinder.ae/medical/networks/fmc/standard-network-3"
"Zahrat Al Shefa Pharmacy LLC, Muhaisnah (Noor Al Shefa Group)","Dubai","Pharmacy","muhaisnah 2","","42202504","","","https://www.medifinder.ae/medical/networks/fmc/standard-network-3"
"Zam Zam Pharmacy L.L.C. - DXB","Dubai","Pharmacy","al quoz","","43394395","","","https://www.medifinder.ae/medical/networks/fmc/standard-network-3"
"ZIYAN PHARMACY","Ajman","Pharmacy","al bustan","","67477388","","","https://www.medifinder.ae/medical/networks/fmc/standard-network-3"
"Quality Diagnostic Laboratory","Abu Dhabi","Diagnostics","al najda street","","26456788","","","https://www.medifinder.ae/medical/networks/fmc/standard-network-3"
"AL BORJ LABORATORY","Dubai","Diagnostics","corniche","","42977780","","","https://www.medifinder.ae/medical/networks/fmc/standard-network-3"
"Al Burj Medical Lab. (Al Borg)","Sharjah","Diagnostics","al majaz","","65752100","","","https://www.medifinder.ae/medical/networks/fmc/standard-network-3"
"MENALABS MEDICAL LABORATORY(Formerly UNIVERSAL MEDICAL LABORATORY)","Sharjah","Diagnostics","buhairah corniche","","65754979","","","https://www.medifinder.ae/medical/networks/fmc/standard-network-3"
"Texas Medical Lab - Sharjah","Sharjah","Diagnostics","al ghubaiba","","65622988","","","https://www.medifinder.ae/medical/networks/fmc/standard-network-3"
"AJMAN BIO TECH MEDICAL LABORATORY","Ajman","Other","sheikh khalifa street","","67479323","","","https://www.medifinder.ae/medical/networks/fmc/standard-network-3"
"AL DURRAH RADIOLOGY CENTRE LLC(New)_MOH-F-1000384","Sharjah","Other","buhairah corniche","","65569888","","","https://www.medifinder.ae/medical/networks/fmc/standard-network-3"
"MENALABS MEDICAL LABORATORY(NEW)(PREVIOUSLY UNIVERSAL MEDICAL LABORATORY)_MOH-F-1000302","Sharjah","Other","buhairah corniche","","65754979","","","https://www.medifinder.ae/medical/networks/fmc/standard-network-3"
"PROFICIENCY CENTRAL LABORATORIES","Abu Dhabi","Other","electra street","","24919300","","","https://www.medifinder.ae/medical/networks/fmc/standard-network-3"
"REEM AL BAWADI MEDICAL & DIAGNOSTIC CENTER","Sharjah","Other","al arouba street","","65671707","","","https://www.medifinder.ae/medical/networks/fmc/standard-network-3"
