PROVIDER NAME,EMIRATE,PROVIDER TYPE,AREA,ADDRESS,TELEPHONE,LATITUDE,LONGITUDE,GIG CODE
800 PHARMACY LLC ABU DHABI,AUH,,Abu Dhabi,,+97126399554,24.49,54.353,PRODMS3241
ABU AL ABYAD CLINIC OP PHARMACY,AUH,,Abu Dhabi,,+97128839140,24.202,53.803,PRODMS2741
ABU DHABI DENTAL CLINIC,AUH,,Abu Dhabi,,+97126341327,24.496,54.378,PRODMS3201
ABU DHABI PHARMACY,AUH,,Abu Dhabi,,+97126772577,24.498,54.374,PRODMS3636
ABU SALMAN MEDICAL CENTRE,AUH,,Abu Dhabi,,+97125522549,24.371,54.507,PRODMS2904
ACACIA MEDICAL CENTER,AUH,,Abu Dhabi,,+97124445513,54.375,24.458,PRODMS4956
ADAM AND EVE SPECIALIZED MEDICAL CENTER LLC,AUH,,Abu Dhabi,,+97126767366,25.175,55.163,PRODMS3187
ADRIA MEDICAL CENTER LLC,AUH,,Abu Dhabi,,+97125551551,24.377,54.537,PRODMS2812
ADVANCED CURE DIAGNOSTIC CENTER AL BATEEN,AUH,,Abu Dhabi,,+97126675050,24.445,54.354,PRODMS3056
ADVANCED CURE DIAGNOSTIC CENTER AL BATEEN 1,AUH,,Abu Dhabi,,+97124100991,24.451,54.356,PRODMS2532
ADVANCED CURE PHARMACY,AUH,,Abu Dhabi,,+97126359922,24.46,54.349,PRODMS3641
AESTHETIC DENTAL CENTER LLC,AUH,,Abu Dhabi,,+97126324455,24.512,54.371,PRODMS3538
AL ABEER MEDICAL CENTER DAY SURGERY UNIT LLC,AUH,,Abu Dhabi,,+97126330440,24.49,54.37,PRODMS2688
AL ABEER PHARMACY LLC,AUH,,Abu Dhabi,,+97126330440,24.49,54.37,PRODMS3854
AL AFDAL PHARMACY,AUH,,Abu Dhabi,,+97126334277,24.493,54.375,PRODMS3630
AL AHALIA NATIONAL PHARMACY LLC,AUH,,Abu Dhabi,,+97128119170,24.334,54.517,PRODMS3144
AL AHLI HOSPITAL COMPANY BRANCH 1,AUH,,Abu Dhabi,,+97128119119,24.335,54.517,PRODMS3753
AL AHLIA HOSPITAL COMPANY WLL,AUH,,Abu Dhabi,,+97126262666,24.488,54.36,PRODMS2342
AL AHLIYA GRAND PHARMACY,AUH,,Abu Dhabi,,+97124498382,23.661,53.693,PRODMS3627
AL AIN AL AHALIA PHARMACY,AUH,,Abu Dhabi,,+97126262666,24.437,54.652,PRODMS3268
AL AMAZON PHARMACY,AUH,,Abu Dhabi,,+97126229774,24.525,54.683,PRODMS3194
AL AMEEN MEDICAL CENTRE,AUH,,Abu Dhabi,,+97126339722,24.492,54.368,PRODMS3097
AL BARZA PHARMACY,AUH,,Abu Dhabi,,+97126659172,24.466,54.339,PRODMS2903
AL BATEEN PHARMACY,AUH,,Abu Dhabi,,+97126766610,24.493,54.373,PRODMS3263
AL BORG DIAGNOSTIC CENTER FOR LABORATORY ABU DHABI,AUH,,Abu Dhabi,,+97126761221,24.493,54.369,PRODMS3830
AL DAMAN PHARMACY,AUH,,Abu Dhabi,,+97126320909,25.271,55.307,PRODMS2487
AL DHAFRA FIELDS PHARMACY,AUH,,Abu Dhabi,,+97128845273,24.192,55.766,PRODMS3813
AL DHAFRA MODERN CLINIC,AUH,,Abu Dhabi,,+97128846651,24.192,55.766,PRODMS3812
AL DHANNAH HOSPITAL,AUH,,Abu Dhabi,,+97126020603,24.085,52.664,PRODMS2614
AL HAKEEM LAND PHARMACY,AUH,,Abu Dhabi,,+97126669665,24.471,54.347,PRODMS3631
AL HENDAWY MEDICAL CENTER,AUH,,Abu Dhabi,,+97126213666,24.485,54.367,PRODMS3167
AL HIKMA MEDICAL CENTER LLC BRANCH 1,AUH,,Abu Dhabi,,+97124474435,24.431,54.402,PRODMS3521
AL HIKMA MEDICAL CENTRE LLC,AUH,,Abu Dhabi,,+97126720482,24.407,54.552,PRODMS3522
AL HOSN PHARMACY LLC,AUH,,Abu Dhabi,,+97126661794,24.28,54.2,PRODMS4323
AL JABER OPTICAL CENTRE L L C ABU DHABI BRANC,AUH,,Abu Dhabi,,+97126456111,24.496,54.383,PRODMS2496
AL KAMAL MEDICAL POLYCLINICS L.L.C S.P,AUH,,Abu Dhabi,,+97126651464,24.476,54.351,PRODMS3257
AL KAMAL PHARMACY,AUH,,Abu Dhabi,,+97126651464,24.476,54.351,PRODMS3256
AL KARAMA MEDICAL CLINIC,AUH,,Abu Dhabi,,+97125834988,24.387,54.84,PRODMS2182
AL MANAL DENTAL CENTER,AUH,,Abu Dhabi,,+97126224006,24.49,54.355,PRODMS3152
AL MANARA AL BAHIA PHARMACY,AUH,,Abu Dhabi,,+97125635059,24.55,54.678,PRODMS3650
AL MANARA AL RUWAIS PHARMACY,AUH,,Abu Dhabi,,+97128760210,24.08,52.672,PRODMS3134
AL MANARA GLOBAL PHARMACY,AUH,,Abu Dhabi,,+97126734777,24.51,54.377,PRODMS3834
AL MANARA INTERNATIONAL PHARMACY,AUH,,Abu Dhabi,,+97126427677,24.457,54.392,PRODMS3835
AL MANARA KHALIFA CITY,AUH,,Abu Dhabi,,+97125562979,24.426,54.577,PRODMS3836
AL MANARA PHARMACY,AUH,,Abu Dhabi,,+97126269966,24.46,54.322,PRODMS3837
AL MANARA PHARMACY AL CORNICHE,AUH,,Abu Dhabi,,+97126675454,24.464,54.328,PRODMS3653
AL MANARA PHARMACY CAPITAL MALL,AUH,,Abu Dhabi,,+97124447642,24.55,54.678,PRODMS3651
AL MANARA PHARMACY MARINA MALL,AUH,,Abu Dhabi,,+97126817977,24.477,54.321,PRODMS3838
AL MANARA PHARMACY WORLD TRADE CENTER,AUH,,Abu Dhabi,,+97126331618,24.488,54.357,PRODMS3652
AL MARIA MEDICAL CENTRE,AUH,,Abu Dhabi,,+97126331330,24.301,54.636,PRODMS3098
AL MARINA PHARMACY LLC,AUH,,Abu Dhabi,,+97126343454,24.489,54.364,PRODMS3665
AL MAZROUI MEDICAL CENTRE ONE DAY SURGERY LLC,AUH,,Abu Dhabi,,+97126723232,24.495,54.371,PRODMS3857
AL MAZROUI PHARMACY,AUH,,Abu Dhabi,,+97126714007,24.495,54.368,PRODMS2852
AL MULLA PHARMACY,AUH,,Abu Dhabi,,+97124487704,24.446,54.403,PRODMS3574
AL NASEEM MEDICAL CENTRE LLC,AUH,,Abu Dhabi,,+97126342834,24.487,54.362,PRODMS2246
AL NUAMAN DENTAL CENTER,AUH,,Abu Dhabi,,+97126348482,24.482,54.351,PRODMS3585
AL QABAIL MEDICAL CENTRE LLC,AUH,,Abu Dhabi,,02 557 5531,24.348,54.511,PRODMS2784
AL QADI ADVANCED PHARMACY,AUH,,Abu Dhabi,,+97124439955,24.5,54.38,PRODMS2704
AL QADI MEDICAL CENTER,AUH,,Abu Dhabi,,+97124437777,24.447,54.368,PRODMS2703
AL QADI PHARMACY AND ESTABLISHMENT,AUH,,Abu Dhabi,,+97126341122,24.467,54.34,PRODMS2705
AL QASER AL AINY PHARMACY,AUH,,Abu Dhabi,,+97126268802,24.491,54.357,PRODMS3619
AL RAFA MEDICAL CENTER AUH (ASTER),AUH,,Abu Dhabi,,+97126266672,24.472,54.351,PRODMS3206
AL RAHA MEDICAL CENTER LLC,AUH,,Abu Dhabi,,+97126333924,24.448,54.403,PRODMS3015
AL RAI PHARMACY,AUH,,Abu Dhabi,,+97126508661,24.457,54.403,PRODMS3705
AL RAYASHI DENTAL CENTER,AUH,,Abu Dhabi,,+97126792647,24.498,54.368,PRODMS4876
AL RAYYAN MEDICAL CENTRE,AUH,,Abu Dhabi,,+97125522262,24.441,54.708,PRODMS2681
AL RIDA PHARMACY,AUH,,Abu Dhabi,,+97126262666,24.488,54.372,PRODMS2381
AL SAQI MEDICAL POLYCLINIC LLC,AUH,,Abu Dhabi,,+97126329451,24.486,54.36,PRODMS2219
AL SHAM PHARMACY LLC,AUH,,Abu Dhabi,,+97126318929,23.664,53.694,PRODMS3151
AL THIQA AL ALMYIAH PHARMACY,AUH,,Abu Dhabi,,+97126588717,24.519,54.683,PRODMS3646
AL THIQA AL THAKHASYSIYA PHARMACY LLC,AUH,,Abu Dhabi,,+97126316477,24.35,54.533,PRODMS2721
AL THIQA ELITE PHARMACY,AUH,,Abu Dhabi,,+97126280380,24.466,54.38,PRODMS3276
AL THURAYA DENTAL IMPLANT CENTER,AUH,,Abu Dhabi,,+97124432209,24.462,54.377,PRODMS4852
AL THURAYYA PHARMACY,AUH,,Abu Dhabi,,+97126427827,24.48,54.378,PRODMS3262
AL WAHDA MEDICAL CENTRE,AUH,,Abu Dhabi,,+97126418383,24.475,54.372,PRODMS3850
AL ZIA PHARMACY,AUH,,Abu Dhabi,,+97125522201,24.46,54.51,PRODMS3662
ALPHA CARE PHARMACY LLC,AUH,,Abu Dhabi,,,24.37,54.517,PRODMS4915
ALPHA MEDICAL CENTRE LLC,AUH,,Abu Dhabi,,+97125558383,24.37,54.517,PRODMS4914
ALPHA PHARMACY,AUH,,Abu Dhabi,,+97126440044,24.495,54.383,PRODMS3632
ALTHIQA AL DOWALIAH PHARMACY LLC,AUH,,Abu Dhabi,,+97126588717,24.455,54.393,PRODMS3647
AMERICAN CENTER FOR PSYCHIATRY AND NEUROLOGY ABU DHABI,AUH,,Abu Dhabi,,+97126664866,24.473,54.361,PRODMS3797
AMERICAN CENTER PHARMACY,AUH,,Abu Dhabi,,+97124433114,24.411,54.604,PRODMS2687
AMERICAN CRESCENT HEALTH CARE CENTER,AUH,,Abu Dhabi,,+97126325000,24.469,54.347,PRODMS3849
AMERICAN DENTAL CENTRE,AUH,,Abu Dhabi,,+97126219800,24.492,54.368,PRODMS3539
AMRITA MEDICAL CENTER ABU DHABI,AUH,,Abu Dhabi,,+97126661555,24.477,54.348,PRODMS3116
AMWAJ MEDICAL CENTER,AUH,,Abu Dhabi,,+97126273888,24.354,54.5,PRODMS2644
ANSARI MEDICAL CENTRE LLC,AUH,,Abu Dhabi,,+97126394139,24.482,54.352,PRODMS2731
APOLLO MEDICAL CENTRE,AUH,,Abu Dhabi,,+97126397733,24.49,54.362,PRODMS3234
APOLLO PHARMACY LLC SPC,AUH,,Abu Dhabi,,+97126344747,24.487,54.359,PRODMS2808
APPOLONIA DENTAL CENTER,AUH,,Abu Dhabi,,+97126660997,24.467,54.367,PRODMS3642
ASAB CLINIC,AUH,,Abu Dhabi,,+97126034222,23.295,54.23,PRODMS2619
ASTER OPTICALS LLC  BRANCH OF ABU DHABI 2,AUH,,Abu Dhabi,,03-7345278,55.76999,24.22356,P10401
ASTER OPTICALS LLC BR OF ABU DHABI 1,AUH,,Abu Dhabi,,+97125570053,24.433,54.567,PRODMS5035
ASTER PHARMACIES GROUP LLC ABU DHABI BRANCH AIRPORT ROAD,AUH,,Abu Dhabi,,,24.474,54.368,PRODMS5339
ASTER PHARMACIES GROUP LLC ABU DHABI BRANCH ELECTRA STREET,AUH,,Abu Dhabi,,,24.492,54.371,PRODMS5338
ASTER PHARMACIES GROUP LLC BRANCH OF ABU DHABI (AL SHAHEEN COMPLEX),AUH,,Abu Dhabi,,+97126395140,24.47,54.341,PRODMS5008
ASTER PHARMACIES GROUP LLC BRANCH OF ABU DHABI (AL WATHIQ STREET),AUH,,Abu Dhabi,,,24.434,54.437,PRODMS5337
ASTER PHARMACIES GROUP LLC BRANCH OF ABU DHABI (CANON BUILDING),AUH,,Abu Dhabi,,+97126711831,24.495,54.376,PRODMS4287
ASTER PHARMACIES GROUP LLC BRANCH OF ABU DHABI BLUE DIAMOND,AUH,,Abu Dhabi,,+97126437625,24.477,54.365,PRODMS2293
ASTER PHARMACIES GROUP LLC BRANCH OF ABU DHABI DEYYAR,AUH,,Abu Dhabi,,+97124478482,24.481,54.387,PRODMS3972
ASTER PHARMACIES GROUP LLC BRANCH OF ABU DHABI ELECTRA,AUH,,Abu Dhabi,,+97124489240,24.49,54.367,PRODMS4212
ASTER PHARMACIES GROUP LLC BRANCH OF ABU DHABI HAMDAN STREET,AUH,,Abu Dhabi,,+97126229870,24.494,54.37,PRODMS2294
ASTER PHARMACIES GROUP LLC BRANCH OF ABU DHABI KHALIDIYA,AUH,,Abu Dhabi,,+97126280582,24.472,54.351,PRODMS3953
ASTER PHARMACIES GROUP LLC BRANCH OF ABU DHABI MUSSAFFAH,AUH,,Abu Dhabi,,+97125502429,24.33,54.535,PRODMS4224
ASTER PHARMACY LLC MUSAFFAH,AUH,,Abu Dhabi,,+97125529395,24.496,54.379,PRODMS3422
ASTER PRIMARY CARE LLC (ASTER),AUH,,Abu Dhabi,,+97126266672,24.374,54.51,PRODMS2471
BAGHDAD PHARMACY,AUH,,Abu Dhabi,,+97125523040,24.34,54.536,PRODMS3645
BAIN AL QASRAIN PHARMACY,AUH,,Abu Dhabi,,+97124469300,24.419,54.438,PRODMS2760
BANGASH PHARMACY LLC,AUH,,Abu Dhabi,,+97125834217,24.283,54.647,PRODMS3709
BANIYAS AL AHLI MEDICAL CENTRE,AUH,,Abu Dhabi,,+97125510606,24.352,54.499,PRODMS3777
BANIYAS MEDICAL CLINIC,AUH,,Abu Dhabi,,+97125831116,24.311,54.645,PRODMS3174
BARBARA ORTHODONTIC AND DENTAL POLYCLINIC,AUH,,Abu Dhabi,,+97126269898,24.495,54.362,PRODMS3140
BAREEN INTERNATIONAL HOSPITAL,AUH,,Abu Dhabi,,+97124414848,24.339,54.554,PRODMS2253
BAREEN PHARMACY,AUH,,Abu Dhabi,,+97124414848,24.339,54.555,PRODMS2256
BASEL MEDICAL CENTRE,AUH,,Abu Dhabi,,+97126316831,24.259,54.625,PRODMS2804
BEAUTICA DENTAL CENTER SOLE PROPRIETORSHIP LL,AUH,,Abu Dhabi,,+97124465599,24.493,54.367,PRODMS4853
BETTER LIFE PHARMACY AHALIA MEDICAL GRP,AUH,,Abu Dhabi,,+97125506693,24.37,54.516,PRODMS3758
BEVERLY HILLS SPECIALIST HOSPITAL LLC,AUH,,Abu Dhabi,,+97122222494,24.457,54.381,PRODMS4566
BIN SINA DUTY FREE PHARMACY (BIN SINA PHARMACIES),AUH,,Abu Dhabi,,971564647472,24.43389,54.64629,P10226
BIN SINA PHARMACY AL MARYAH ISLAND (BIN SINA PHARMACIES),AUH,,Abu Dhabi,,971564647472,24.50145,54.38972,P10237
BIN SINA PHARMACY LLC BRANCH 9 (BIN SINA PHARMACIES),AUH,,Abu Dhabi,,971564647472,24.50427,54.38805,P10230
BIOLIFE MEDICAL CENTER LLC,AUH,,Abu Dhabi,,+97125559495,24.334,54.516,PRODMS3589
BOSTON DENTAL CENTER,AUH,,Abu Dhabi,,+97126667070,24.465,54.348,PRODMS2677
BRIGHT POINT PHARMACY LLC,AUH,,Abu Dhabi,,+97125558825,24.454,54.393,PRODMS3608
BUHASA CLINIC,AUH,,Abu Dhabi,,+97126035269,23.543,53.291,PRODMS2620
BURJEEL AL REEM PHARMACY LLC,AUH,,Abu Dhabi,,+97123079999,24.49,54.41,PRODMS4836
BURJEEL DAY SURGERY CENTER PVT LTD,AUH,,Abu Dhabi,,+97123079999,24.49,54.41,PRODMS4830
BURJEEL DAY SURGERY CENTREAL DHAFRA LLC,AUH,,Abu Dhabi,,0097180055,23.63883,53.70913,P10864
BURJEEL HOME CARE SERVICES LLC,AUH,,Abu Dhabi,,+97126415533,24.477,54.379,PRODMS2486
BURJEEL HOSPITAL,AUH,,Abu Dhabi,,+97122222332,24.492,54.369,PRODMS3499
BURJEEL JUDICIARY MEDICAL CENTER LLC,AUH,,Abu Dhabi,,0097180055,24.41686,54.44749,P10865
BURJEEL MEDICAL CENTER AL SHAMKHA LLC,AUH,,Abu Dhabi,,+97125085511,24.11,55.702,PRODMS4448
BURJEEL MEDICAL CENTRE ALMARINA LLC,AUH,,Abu Dhabi,,+97123338333,24.477,54.32,PRODMS2254
BURJEEL MEDICAL CENTRE ALZEINA LLC,AUH,,Abu Dhabi,,+971800900600,24.456,54.613,PRODMS4441
BURJEEL MEDICAL CENTRE KIDS PARK LLC,AUH,,Abu Dhabi,,+97126107809,24.547,54.685,PRODMS4825
BURJEEL MEDICAL CENTRE LLC ABU DHABI,AUH,,Abu Dhabi,,+97125821555,24.575,54.649,PRODMS3381
BURJEEL MEDICAL CITY CLINIC LLC AIRPORT,AUH,,Abu Dhabi,,0097180055,24.45236,54.64289,P10866
BURJEEL MEDICAL CITY LLC,AUH,,Abu Dhabi,,+97127773333,24.354,54.539,PRODMS5030
BURJEEL MEDICAL CITY PHARMACY LLC,AUH,,Abu Dhabi,,+97127773333,24.354,54.539,PRODMS5031
BURJEEL PHARMACY AL MARINA LLC,AUH,,Abu Dhabi,,+97123338333,24.476,54.322,PRODMS4445
BURJEEL PHARMACY AL SHAMKA LLC,AUH,,Abu Dhabi,,+97125085511,24.11,55.702,PRODMS4447
BURJEEL PHARMACY BRANCH 10,AUH,,Abu Dhabi,,+97126415533,24.452,54.572,PRODMS3783
BURJEEL PHARMACY LLC,AUH,,Abu Dhabi,,+97125821555,24.524,54.671,PRODMS3137
BURJEEL PHARMACY LLC BRANCH 1,AUH,,Abu Dhabi,,+97122051433,24.341,54.538,PRODMS4444
BURJEEL PHARMACY LLC BRANCH 11,AUH,,Abu Dhabi,,+97122051433,24.421,54.566,PRODMS4459
BURJEEL PHARMACY LLC BRANCH 12,AUH,,Abu Dhabi,,+971800900600,24.456,54.613,PRODMS4440
BURJEEL PHARMACY LLC BRANCH 13,AUH,,Abu Dhabi,,+97122054502,24.487,54.608,PRODMS4054
BURJEEL PHARMACY LLC BRANCH 2,AUH,,Abu Dhabi,,+97126335522,24.275,54.666,PRODMS3320
BURJEEL PHARMACY LLC BRANCH 3,AUH,,Abu Dhabi,,+97125567993,24.426,54.577,PRODMS3899
BURJEEL PHARMACY LLC BRANCH 4,AUH,,Abu Dhabi,,+97124470407,24.471,54.372,PRODMS3762
BURJEEL PHARMACY LLC BRANCH 6,AUH,,Abu Dhabi,,+97124918787,24.471,54.377,PRODMS3898
BURJEEL PHARMACY LLC BRANCH 7,AUH,,Abu Dhabi,,+97124437788,24.47,54.372,PRODMS3285
BURJEEL PHARMACY LLC BRANCH 8,AUH,,Abu Dhabi,,+97122222336,24.467,54.378,PRODMS3335
BURJEEL RETAIL PHARMACY LLC BRANCH 5,AUH,,Abu Dhabi,,+97126438330,24.468,54.383,PRODMS2735
CANADIAN MEDICAL CENTER LLC,AUH,,Abu Dhabi,,+97124469006,24.466,54.38,PRODMS2926
CARE PHARMACY,AUH,,Abu Dhabi,,+97126393955,24.488,54.372,PRODMS3199
CENTRAL CLINIC LLC,AUH,,Abu Dhabi,,+97126323497,24.487,54.361,PRODMS3774
CHARISMA MEDICAL CENTER LLC,AUH,,Abu Dhabi,,+97126775775,24.497,54.37,PRODMS4561
CHARISMA PHARMACY LLC,AUH,,Abu Dhabi,,+97126443329,24.497,54.37,PRODMS4560
CITY PHARMACY COMPANY WLL,AUH,,Abu Dhabi,,+97126277730,24.49,54.363,PRODMS2234
CLINICA SMILE DENTAL CENTER,AUH,,Abu Dhabi,,+971224447147,24.311,54.606,PRODMS4849
CONSULTANTS MEDICAL CENTER,AUH,,Abu Dhabi,,+97126794100,24.499,54.375,PRODMS3863
CORNICHE GATE MEDICAL CENTER LLC,AUH,,Abu Dhabi,,+97124488442,24.483,54.351,PRODMS3628
COSMESURGE AND EMIRATES CLINICS FOR ONE DAY S,AUH,,Abu Dhabi,,+97124466648,24.458,54.37,PRODMS3219
CREATIVE DENTAL CENTER LLC,AUH,,Abu Dhabi,,+97124440458,24.438,54.415,PRODMS4854
DABBAYIA CLINIC,AUH,,Abu Dhabi,,+97126046789,24.276,54.162,PRODMS2618
DAR AL SHIFAA MEDICAL CENTERAUH (ASTER),AUH,,Abu Dhabi,,+97126456100,24.479,54.355,PRODMS2343
DAS HOSPITAL,AUH,,Abu Dhabi,,054 5816633,25.1547,52.8768,P10659
DAVINCI DENTAL CLINIC,AUH,,Abu Dhabi,,+97122222616,24.475,54.319,PRODMS3166
DENTACARE CENTRE,AUH,,Abu Dhabi,,+97126270527,24.48947,54.35644,PRODMS3179
DENTACARE CENTRE BRANCH,AUH,,Abu Dhabi,,+97126270527,24.431,54.438,PRODMS3582
DOCTOR ATIQUR RAHMAN POLYCLINIC,AUH,,Abu Dhabi,,+97126398331,24.479,54.366,PRODMS2207
DR CHAWKY HADDAD DENTAL CLINIC,AUH,,Abu Dhabi,,+97126679792,24.488,54.365,PRODMS3540
DR FERAS JOUMMA SPECIALIZED DENTAL CENTER SOL,AUH,,Abu Dhabi,,+97126276644,24.452,54.374,PRODMS3530
DR FIRAS DENTAL AND ORTHODONTIC CENTER LLC OPC,AUH,,Abu Dhabi,,+97122222600,24.473,54.319,PRODMS3150
DR GUPTA MEDICAL CLINIC,AUH,,Abu Dhabi,,+97126337357,24.479,54.354,PRODMS2708
DR IBRAHIM DAJANI DENTAL CLINIC,AUH,,Abu Dhabi,,+97126316996,24.489,54.371,PRODMS3172
DR KOUTHAR AL WAIDH CLINIC,AUH,,Abu Dhabi,,+97126331150,24.477,54.366,PRODMS3579
DR SABAH AL SAGBAN CLINIC,AUH,,Abu Dhabi,,+97126330990,24.491,54.371,PRODMS2242
DR WALAA FAKHR CENTRE,AUH,,Abu Dhabi,,+97126336662,24.494,54.369,PRODMS2956
DREAM PHARMACY ABU DHABI,AUH,,Abu Dhabi,,+97126214400,24.468,54.34,PRODMS3617
EASTERN AL AHALIA PHARMACY BANIYAS,AUH,,Abu Dhabi,,+97126262666,24.467,54.368,PRODMS2383
EASTERN AL AHLIA MEDICAL CENTER,AUH,,Abu Dhabi,,+97125856005,24.286,54.64,PRODMS3803
EASTMANS DENTAL CLINIC LLC,AUH,,Abu Dhabi,,+97126212828,24.473,54.349,PRODMS4847
EHG EMIRATES HOSPITAL DAY SURGERY LLC,AUH,,Abu Dhabi,,+97125014013,24.473,54.349,PRODMS4752
EHG EMIRATES PHARMACY LLC,AUH,,Abu Dhabi,,+97125014013,24.473,54.35,PRODMS4753
ELYAZIA PHARMACY,AUH,,Abu Dhabi,,+97124493700,24.434,54.437,PRODMS3265
EXETER MEDICAL CENTER FOR BONE AND JOINT HEAL ABU DHABI,AUH,,Abu Dhabi,,+97126354321,24.233,55.749,PRODMS3456
FAMILY PHARMACY AL DANAH,AUH,,Abu Dhabi,,+971 2 631 7417,24.48138,54.36218,P10367
FIRST GLOBAL CLINIC SOLE PROPRIETORSHIP LLC,AUH,,Abu Dhabi,,+97126650015,24.465,54.337,PRODMS2224
FRENCH DENTAL AESTHETIC CENTRE LLC BRANCH2,AUH,,Abu Dhabi,,,24.45145,54.35563,PRODMS4894
FUTURE PHARMACY LLC,AUH,,Abu Dhabi,,+97126740090,24.498,54.376,PRODMS2528
GHIATHY HOSPITAL,AUH,,Abu Dhabi,,+97128721555,24.15013,52.8133,PRODMS2607
GOLDEN HEALTH MEDICAL CENTRE,AUH,,Abu Dhabi,,+97125868789,24.154,54.429,PRODMS4713
GOLDEN HEALTH PHARMACY,AUH,,Abu Dhabi,,+97125855553,24.154,54.429,PRODMS4711
GOLDEN SANDS MEDICAL CENTRE ABU DHABI,AUH,,Abu Dhabi,,+97126427171,24.48,54.373,PRODMS2223
GULF APOLLO PHARMACY LLC,AUH,,Abu Dhabi,,+97125591566,24.338,54.517,PRODMS3590
GULF INTERNATIONAL CANCER CENTER,AUH,,Abu Dhabi,,+97125635558,24.472,54.626,PRODMS3287
GULF PEARL DENTAL CENTER,AUH,,Abu Dhabi,,+97126345680,24.482,54.351,PRODMS3165
HABSHAN CLINIC,AUH,,Abu Dhabi,,+97126038331,23.827,53.621,PRODMS2617
HADDAD MEDICAL AND DENTAL CENTER,AUH,,Abu Dhabi,,+97126325096,24.292,54.215,PRODMS3557
HAKEEM DENTAL CENTER LLC,AUH,,Abu Dhabi,,+97126654200,24.499,54.37,PRODMS4871
HANI PHARMACY,AUH,,Abu Dhabi,,+97126778501,24.498,54.369,PRODMS3131
HARLEY STREET MEDICAL CENTRE,AUH,,Abu Dhabi,,+97126133999,24.478,54.321,PRODMS2716
HARLEY STREET PHARMACY LLC,AUH,,Abu Dhabi,,+97126133999,24.525,54.311,PRODMS2717
HARMONY ADVANCED MEDICAL CENTER L.L.C.,AUH,,Abu Dhabi,,+97126417300,24.383,54.523,PRODMS3544
HARMONY PLUS MEDICAL CENTER,AUH,,Abu Dhabi,,+97126582228,24.465,54.349,PRODMS3635
HEALTH AND STYLE MEDICAL CENTRE LLC,AUH,,Abu Dhabi,,+97126275509,24.49,54.365,PRODMS4463
HEALTH FIRST PHARMACY,AUH,,Abu Dhabi,,+97126219720,24.537,54.445,PRODMS2531
HEALTH FIRST PHARMACY BRANCH 13,AUH,,Abu Dhabi,,+97125646364,24.524,54.671,PRODMS4046
HEALTH FIRST PHARMACY BRANCH 15,AUH,,Abu Dhabi,,+97125851992,24.312,54.62,PRODMS4047
HEALTH FIRST PHARMACY BRANCH 18,AUH,,Abu Dhabi,,+97125643948,24.574,54.696,PRODMS4234
HEALTH FIRST PHARMACY LLC BRANCH 2,AUH,,Abu Dhabi,,+97125833655,24.489,54.372,PRODMS3294
HEALTH FIRST PHARMACY LLC BRANCH 3,AUH,,Abu Dhabi,,+97125527070,24.44,54.399,PRODMS3293
HEALTH FIRST PHARMACY LLC BRANCH 4,AUH,,Abu Dhabi,,+97126666427,25.292,55.394,PRODMS3290
HEALTH FIRST PHARMACY LLC BRANCH 5,AUH,,Abu Dhabi,,+97125530036,24.44,54.399,PRODMS3292
HEALTH FIRST PHARMACY LLC BRANCH 6,AUH,,Abu Dhabi,,+97126668798,24.47,54.348,PRODMS3296
HEALTH FIRST PHARMACY LLC BRANCH 7,AUH,,Abu Dhabi,,+97124494209,24.44,54.399,PRODMS3291
HEALTH FIRST PHARMACY LLC BRANCH 8,AUH,,Abu Dhabi,,+97125822829,24.489,54.372,PRODMS3295
HEALTH FIRST PHARMACY LLC BRANCH 9,AUH,,Abu Dhabi,,+97125577611,24.493,54.366,PRODMS3793
HEALTH FIRST PLANET PHARMACY BRANCH 10,AUH,,Abu Dhabi,,+97125549055,24.34,54.468,PRODMS3639
HEALTH PLUS FAMILY HEALTH CENTER LLC BRANCH,AUH,,Abu Dhabi,,971600503035,24.48592,54.35177,P10807
HEALTH SHIELD MEDICAL CENTER LLC,AUH,,Abu Dhabi,,+97126265722,24.494,54.365,PRODMS2331
HEALTHPLUS DIABETES ENDOCRINOLOGY CENTER,AUH,,Abu Dhabi,,+97126660363,24.451,54.357,PRODMS3925
HEALTHPLUS FAMILY HEALTH CENTER,AUH,,Abu Dhabi,,+97125571818,24.468,54.367,PRODMS3924
HEALTHPLUS PHARMACY LLC,AUH,,Abu Dhabi,,+97126655422,24.45,54.354,PRODMS3926
HEALTHWAY MEDICAL CENTER,AUH,,Abu Dhabi,,+97125828989,24.319,54.633,PRODMS2610
HIKMAT AL AIN PHARMACY CO LLC,AUH,,Abu Dhabi,,+97126411225,24.218,55.76,PRODMS3053
HOLISTIC MEDICAL CENTRE SOLE PROPRIETORSHIP L,AUH,,Abu Dhabi,,+97126661567,24.407,54.552,PRODMS4643
HOLLYWOOD SMILE MEDICAL CENTER,AUH,,Abu Dhabi,,+97126271371,24.491,54.359,PRODMS3142
HOME HEALTH MEDICAL CENTRE,AUH,,Abu Dhabi,,+97125530162,24.223,55.771,PRODMS3463
HOPE MEDICAL CENTER LLC,AUH,,Abu Dhabi,,+97125551510,24.285,54.601,PRODMS4427
HOPE PHARMACY LLC,AUH,,Abu Dhabi,,+97125552415,24.285,54.601,PRODMS4428
IBN NAFEES MEDICAL CENTRE,AUH,,Abu Dhabi,,+97126324200,24.491,54.369,PRODMS3057
IBN NAFEES MEDICAL CENTRE PHARMACY,AUH,,Abu Dhabi,,+97126349500,24.463,54.383,PRODMS2967
IBN RUSHD PHARMACY,AUH,,Abu Dhabi,,+97124457727,24.462,54.379,PRODMS2214
IBN SINA MEDICAL CENTRE,AUH,,Abu Dhabi,,+97126816400,24.48,54.362,PRODMS3253
IBN SINA PHARMACY LLC (BIN SINA PHARMACIES),AUH,,Abu Dhabi,,+97148105888,24.476,54.321,PRODMS3886
IBN SINA PHARMACY LLC AL DANA PLAZA BRANCH (BIN SINA PHARMACIES),AUH,,Abu Dhabi,,+97148105888,24.479,54.354,PRODMS3888
IBN SINA PHARMACY LLC BRANCH 12 (BIN SINA PHARMACIES),AUH,,Abu Dhabi,,+97148105888,24.491,54.393,PRODMS4844
IBN SINA PHARMACY LLC BRANCH 17 (BIN SINA PHARMACIES),AUH,,Abu Dhabi,,+97148105888,24.455,54.723,PRODMS4845
IBN SINA PHARMACY LLC BRANCH 3 (BIN SINA PHARMACIES),AUH,,Abu Dhabi,,+97148105888,24.479,54.354,PRODMS3889
IBN SINA PHARMACY LLC BRANCH 4 (BIN SINA PHARMACIES),AUH,,Abu Dhabi,,+97148105888,24.449,54.402,PRODMS3890
IBN SINA PHARMACY SOLE PROPRIETORSHIP LLC BRANCH (BIN SINA PHARMACIES),AUH,,Abu Dhabi,,971564647472,24.35331,55.69897,P10220
IBN SINA PHARMACY SOLE PROPRIETORSHIP LLC BRANCH 10 (BIN SINA PHARMACIES),AUH,,Abu Dhabi,,971564647472,24.37541,54.53097,P10232
IBN SINA PHARMACY SOLE PROPRIETORSHIP LLC BRANCH 11,AUH,,Abu Dhabi,,03 784 3975,24.27376,55.77929,P10815
IBN SINA PHARMACY SOLE PROPRIETORSHIP LLC BRANCH 16 (BIN SINA PHARMACIES),AUH,,Abu Dhabi,,971564647472,24.49261,54.35882,P10238
IBN SINA PHARMACY SOLE PROPRIETORSHIP LLC BRANCH 18 (BIN SINA PHARMACIES),AUH,,Abu Dhabi,,971564647472,24.45854,54.73983,P10233
IBN SINA PHARMACY SOLE PROPRIETORSHIP LLC BRANCH 20 (BIN SINA PHARMACIES),AUH,,Abu Dhabi,,971564647472,24.4591,54.32203,P10234
IBN SINA PHARMACY SOLE PROPRIETORSHIP LLC BRANCH 26 (BIN SINA PHARMACIES),AUH,,Abu Dhabi,,971564647472,24.40846,54.4739,P10236
IBN SINA PHARMACY SOLE PROPRIETORSHIP LLC BRANCH 27 (BIN SINA PHARMACIES),AUH,,Abu Dhabi,,971564647472,24.4883,54.61246,P10235
IBN SINA PHARMACY SOLE PROPRIETORSHIP LLC BRANCH 7 (BIN SINA PHARMACIES),AUH,,Abu Dhabi,,971564647472,24.31436,54.62008,P10228
IBN SINA PHARMACY SOLE PROPRIETORSHIP LLC BRANCH AL QANA (BIN SINA PHARMACIES),AUH,,Abu Dhabi,,971564647472,24.35331,55.69897,P10221
IBN SINA PHARMACY SOLE PROPRIETORSHIP LLC BRANCH ALCORNICHE (BIN SINA PHARMACIES),AUH,,Abu Dhabi,,971564647472,24.47305,54.34003,P10223
IBN SINA PHARMACY SOLE PROPRIETORSHIP LLC BRANCH ALMUSAFAH (BIN SINA PHARMACIES),AUH,,Abu Dhabi,,971564647472,24.36361,54.49363,P10222
IBN SINA PHARMACY SOLE PROPRIETORSHIP LLC BRANCH GLOBAL CARE (BIN SINA PHARMACIES),AUH,,Abu Dhabi,,971564647472,24.46444,54.36502,P10224
IDEAL CLINICAL LABORATORIES,AUH,,Abu Dhabi,,+97125558448,24.336,54.532,PRODMS2287
INTERNATIONAL PHARMACY,AUH,,Abu Dhabi,,+97126261400,24.491,54.36,PRODMS3614
ITTIHAD MEDICAL CENTRE,AUH,,Abu Dhabi,,+97126226611,24.487,54.358,PRODMS3243
JUMAN PEARLS DENTAL CLINIC,AUH,,Abu Dhabi,,+97124484647,24.461,54.387,PRODMS4879
JUNAID PHARMACY,AUH,,Abu Dhabi,,+97128822844,23.046,53.651,PRODMS3184
JUNAID PHARMACY BRANCH 1,AUH,,Abu Dhabi,,+97125529944,24.333,54.535,PRODMS3185
KHALID BIN AL WALEED PHARMACY,AUH,,Abu Dhabi,,+97126744661,24.457,54.417,PRODMS3403
KHALIDIYA LULU PHARMACY L L C BRANCH 2,AUH,,Abu Dhabi,,,24.571,54.464,PRODMS5214
KNIGHTS PHARMACY LLC ABU DHABI,AUH,,Abu Dhabi,,+97126767966,24.481,54.363,PRODMS2252
L L H OASIS MEDICAL CENTRE LLC,AUH,,Abu Dhabi,,+97128946666,23.667,53.698,PRODMS4446
LA ROCHE PHARMACY LLC,AUH,,Abu Dhabi,,+97126455899,24.497,54.381,PRODMS3648
LAHORE PHARMACY,AUH,,Abu Dhabi,,+97125508988,24.353,54.5,PRODMS3282
LAND MARK PLAZA PHARMACY,AUH,,Abu Dhabi,,+97126729400,24.499,54.376,PRODMS3261
LIFE MEDICAL CENTRE ABU DHABI,AUH,,Abu Dhabi,,+97126332300,25.265,55.294,PRODMS2345
LIFE PHARMACY LLC BRANCH 31 BRANCH OF 6 BRANCH OF ABU DHABI 12,AUH,,Abu Dhabi,,+97143441122,24.484,54.366,PRODMS5056
LIFE PHARMACY LLC BRANCH OF ABU DHABI 33,AUH,,Abu Dhabi,,+97143441122,24.476,54.321,PRODMS5068
LIFECARE CLINIC,AUH,,Abu Dhabi,,971 800 55,24.25966,54.63231,P10700
LIFECARE CLINIC BRANCH,AUH,,Abu Dhabi,,971 800 55,24.25949,54.62325,P10701
LIFECARE CLINIC LLC BRANCH,AUH,,Abu Dhabi,,971 800 55,24.25608,54.63203,P10705
LIFECARE CLINIC LLC BRANCH 3,AUH,,Abu Dhabi,,971 800 55,24.31664,54.47206,P10697
LIFECARE HOSPITAL,AUH,,Abu Dhabi,,+97125856333,24.308,54.636,PRODMS3502
LIFECARE HOSPITAL MUSAFFAH BRANCH 1,AUH,,Abu Dhabi,,+97124148226,24.361,54.52,PRODMS3395
LIFECARE INTERNATIONAL PHARMACY BRANCH 1,AUH,,Abu Dhabi,,+97124148226,24.361,54.523,PRODMS3404
LIFECARE INTERNATIONAL PHARMACY LLC,AUH,,Abu Dhabi,,+97125557611,24.308,54.636,PRODMS3503
LIFECARE MEDICAL CENTER LLC,AUH,,Abu Dhabi,,971 800 55,24.19382,54.84973,P10699
LLH AL RAZEEN CLINIC LLC,AUH,,Abu Dhabi,,971 800 55,24.18975,54.81218,P10704
LLH CLINIC LLC,AUH,,Abu Dhabi,,971 800 55,24.34064,54.50188,P10702
LLH CLINIC LLC BRANCH,AUH,,Abu Dhabi,,971 800 55,24.03035,52.75882,P10698
LLH CLINIC LLC BRANCH 1,AUH,,Abu Dhabi,,971 800 55,24.2614,54.63026,P10703
LLH HOSPITAL AL MUSAFFAH,AUH,,Abu Dhabi,,+97125557711,24.378,54.518,PRODMS3090
LLH HOSPITAL LLC,AUH,,Abu Dhabi,,+97126335522,24.488,54.365,PRODMS3089
LLH MEDICAL CENTER AL MUSAFFAH LLC BRANCH 1,AUH,,Abu Dhabi,,+97125856333,24.261,54.627,PRODMS4832
LLH MEDICAL CENTRE,AUH,,Abu Dhabi,,+97124116018,24.328,54.531,PRODMS4828
LLH MEDICAL CENTRE AL DHAFRA LLC,AUH,,Abu Dhabi,,0097180055,23.84181,52.81155,P10861
LLH MEDICAL CENTRE AL MUSAFFAH LLC,AUH,,Abu Dhabi,,+97125531414,24.341,54.538,PRODMS4443
LLH MEDICAL CENTRE AL MUSAFFAH LLC BRANCH 3,AUH,,Abu Dhabi,,+97124116450,24.346,54.486,PRODMS4834
LLH PHARMACY AL MUSAFFAH LLC,AUH,,Abu Dhabi,,+97124116451,24.346,54.486,PRODMS4838
LLH PHARMACY LLC,AUH,,Abu Dhabi,,+97126263080,24.485,54.361,PRODMS2870
LOTUS PHARMACY LLC ABU DHABI,AUH,,Abu Dhabi,,+97125552325,24.341,54.555,PRODMS3727
LULU KHALIDIYA PHARMACY LLC,AUH,,Abu Dhabi,,+97126354440,24.47,54.352,PRODMS3155
LULU RAHA PHARMACY LLC,AUH,,Abu Dhabi,,+97125562607,24.439,54.574,PRODMS3156
MADINA ZAYED AL AHALIA PHARMACY,AUH,,Abu Dhabi,,+97126262666,23.65,53.707,PRODMS2378
MAGRABI SPECIALIZED HOSPITAL BRANCH,AUH,,Abu Dhabi,,+97124446565,24.453,54.384,PRODMS3472
MANCHESTER DENTAL CENTER,AUH,,Abu Dhabi,,+97126669411,24.473,54.346,PRODMS3595
MARIAM PHARMACY,AUH,,Abu Dhabi,,+97126421043,24.444,54.422,PRODMS3897
MARIBEL DENTAL CENTRE,AUH,,Abu Dhabi,,+97126424942,24.465,54.352,PRODMS3198
MARIGOLD DENTAL ORTHODONTIC CLINIC LLC,AUH,,Abu Dhabi,,+97126414020,24.43,54.434,PRODMS3552
MEDEOR 24X7 HOSPITAL LLC ABU DHABI,AUH,,Abu Dhabi,,+97126900600,24.48,54.37,PRODMS2266
MEDEOR 24X7 PHARMACY LLC,AUH,,Abu Dhabi,,+97126900500,24.48,54.37,PRODMS2265
MEDICA INTERNATIONAL MEDICAL CENTER LLC,AUH,,Abu Dhabi,,+97126282293,24.46086,54.36243,PRODMS3594
MEDICAL LASER CENTER DENTAL,AUH,,Abu Dhabi,,+97126260360,24.496,54.358,PRODMS3690
MEDICAL PARK CONSULTANTS ONE DAY SURGERY CENT,AUH,,Abu Dhabi,,+97123048888,24.462,54.345,PRODMS4687
MEDICAL SPECIALITY CENTER,AUH,,Abu Dhabi,,+97126336325,24.387,54.84,PRODMS2199
MEDICINA AL FALAH PHARMACY,AUH,,Abu Dhabi,,+97125846880,24.462,54.718,PRODMS2761
MEDICINA AL MUNEERA PHARMACY,AUH,,Abu Dhabi,,+97125513004,24.452,54.604,PRODMS2758
MEDICINA GULF PHARMACY,AUH,,Abu Dhabi,,+97124483454,24.459,54.393,PRODMS2757
MEDICINA INTERNATIONAL PHARMACY,AUH,,Abu Dhabi,,+97124496744,24.457,54.392,PRODMS2755
MEDICINA PHARMACY AUH,AUH,,Abu Dhabi,,+97126589543,24.452,54.374,PRODMS2754
MEDICINA PHARMACY BRANCH 10,AUH,,Abu Dhabi,,+97125571194,24.412,54.591,PRODMS4332
MEDICINA PHARMACY BRANCH 2 AL SHAHAMA,AUH,,Abu Dhabi,,+97124416223,24.544,54.676,PRODMS4324
MEDICINA PHARMACY BRANCH 2 BANIYAS WEST,AUH,,Abu Dhabi,,+97125501800,24.301,54.618,PRODMS4325
MEDICINA PHARMACY BRANCH 3,AUH,,Abu Dhabi,,+97126440615,24.432,54.434,PRODMS4326
MEDICINA PHARMACY BRANCH 4,AUH,,Abu Dhabi,,+97126500168,24.511,54.406,PRODMS4327
MEDICINA PHARMACY BRANCH 5,AUH,,Abu Dhabi,,+97128835468,24.406,54.518,PRODMS4328
MEDICINA PHARMACY BRANCH 6,AUH,,Abu Dhabi,,+97125844114,24.444,54.74,PRODMS4329
MEDICINA PHARMACY BRANCH 7,AUH,,Abu Dhabi,,+97126678701,24.398,54.491,PRODMS4330
MEDICLINIC AL MAMORA LLC,AUH,,Abu Dhabi,,+97126723400,24.493,54.361,PRODMS3920
MEDICLINIC HOSPITALS AIRPORT ROAD HOSPITAL,AUH,,Abu Dhabi,,+97124944773,24.417,54.461,PRODMS3091
MEDICLINIC HOSPITALS ALMUSAFAH SPECIALITY CLINICS LLC OPC,AUH,,Abu Dhabi,,+97125520777,24.501,54.373,PRODMS3416
MEDICLINIC HOSPITALS BANIYAS CLINICS,AUH,,Abu Dhabi,,+97125668800,24.309,54.633,PRODMS3713
MEDICLINIC HOSPITALS MADINAT ZAYED SPECIALITY CILNIC,AUH,,Abu Dhabi,,+97128848883,23.62,53.721,PRODMS3418
MEDICLINIC KHALIFA CITY LLC,AUH,,Abu Dhabi,,+97128856711,24.439,54.597,PRODMS4471
MEDICLINIC PHARMACY AL MAMOURA,AUH,,Abu Dhabi,,+97126728229,24.464,54.388,PRODMS3197
MEDICLINIC PHARMACY AL MUSAFFAH 2 LLC,AUH,,Abu Dhabi,,+97124066868,24.355,54.529,PRODMS3410
MEDICLINIC PHARMACY ALNOOR BRANCH 1,AUH,,Abu Dhabi,,+97124944598,24.452,54.572,PRODMS3784
MEDICLINIC PHARMACY KHALIFA CITY,AUH,,Abu Dhabi,,+97128856711,24.439,54.597,PRODMS4468
MEDICLINIC PHARMACY MADINAT ZAYED 2,AUH,,Abu Dhabi,,+97128848276,23.622,53.722,PRODMS3787
MEDMAX PHARMACY LLC,AUH,,Abu Dhabi,,+97124469386,24.313,54.498,PRODMS4630
MENA LABS MEDICAL LABORATORY LLC,AUH,,Abu Dhabi,,+97124483699,24.485,54.375,PRODMS4506
MERHI DENTAL AND ORTHODONTIC CENTER,AUH,,Abu Dhabi,,+97126779600,24.492,54.376,PRODMS2869
MESK AL MADINA MEDICAL CENTER LLC,AUH,,Abu Dhabi,,,24.346,54.487,PRODMS4916
MEZYAD MEDICAL CENTER,AUH,,Abu Dhabi,,+97125519977,24.374,54.538,PRODMS2740
MODERN DAR AL SHIFA PHARM MUSSAFFAH,AUH,,Abu Dhabi,,+97125538408,24.375,54.51,PRODMS3255
MODERN DAR AL SHIFAA PHARMACY,AUH,,Abu Dhabi,,+97126446100,25.24,55.301,PRODMS2380
MY HEALTH MEDICAL CENTRE LLC,AUH,,Abu Dhabi,,+97126767873,24.492,54.37,PRODMS3457
NATURAL LIFE PHARMACY LLC,AUH,,Abu Dhabi,,+97143441122,24.333,54.524,PRODMS4163
NEW ABU DHABI PHARMACY AHALIA GROUP,AUH,,Abu Dhabi,,+97124482220,23.623,53.719,PRODMS2385
NEW AL DAMAN PHARMACY,AUH,,Abu Dhabi,,+97126216700,24.425,54.576,PRODMS3424
NEW AMAREETA PHARMACY,AUH,,Abu Dhabi,,971 56 219 1412,24.487,54.353,PRODMS3790
NEW DAR NOURI PHARMACY,AUH,,Abu Dhabi,,+97126341436,24.479,54.355,PRODMS3706
NEW LAND MARK PHARMACY,AUH,,Abu Dhabi,,+97126316886,24.485,54.362,PRODMS3264
NEW NATIONAL MEDICAL CENTRE BRANCH 1,AUH,,Abu Dhabi,,+97125852420,24.344,54.501,PRODMS3710
NEW NATIONAL MEDICAL CENTRE LLC,AUH,,Abu Dhabi,,+97125520100,24.337,54.532,PRODMS2460
NEW NATIONAL MEDICAL CENTRE PHARMACY LLC,AUH,,Abu Dhabi,,+97125520100,24.354,54.5,PRODMS2643
NEW PHARMACY CO LTD,AUH,,Abu Dhabi,,+97126322379,24.48,54.362,PRODMS2375
NEW PHARMACY COMPANY W L L BRANCH 8,AUH,,Abu Dhabi,,+97125988422,24.52,54.672,PRODMS4888
NEW PHARMACY COMPANY WLL BRANCH 2,AUH,,Abu Dhabi,,+97122035021,24.412,54.571,PRODMS4380
NEW PHARMACY COMPANY WLL BRANCH 7,AUH,,Abu Dhabi,,+97126144900,24.466,54.356,PRODMS4886
NEW SADD MAAREB PHARMACY,AUH,,Abu Dhabi,,+97125646869,24.56,54.692,PRODMS2282
NMC PHARMACY,AUH,,Abu Dhabi,,+97126179820,23.621,53.724,PRODMS3768
NMC PHARMACY BRANCH,AUH,,Abu Dhabi,,+97126179143,23.621,53.724,PRODMS3767
NMC ROYAL FAMILY MEDICAL CENTRE LLC,AUH,,Abu Dhabi,,+97126911500,24.375,54.532,PRODMS2865
NMC ROYAL HOSPITAL LLC,AUH,,Abu Dhabi,,+97122035000,24.412,54.571,PRODMS3992
NMC ROYAL MEDICAL CENTER LLC AL KARAMA BRANCH,AUH,,Abu Dhabi,,+97126144900,24.466,54.356,PRODMS4885
NMC ROYAL MEDICAL CENTER LLC BRANCH SHAHAMA,AUH,,Abu Dhabi,,+97128859403,24.52,54.672,PRODMS4887
NMC ROYAL MEDICAL CENTRE LLC,AUH,,Abu Dhabi,,+97125133111,24.456,54.34,PRODMS4246
NMC ROYAL WOMENS HOSPITAL LLC,AUH,,Abu Dhabi,,+97125082000,24.454,54.393,PRODMS3405
NMC SPECIALTY HOSPITAL LLC,AUH,,Abu Dhabi,,+97126332255,24.484,54.361,PRODMS2328
NORA MEDICAL POLY CLINICS,AUH,,Abu Dhabi,,+97126411121,24.475,54.367,PRODMS2942
OASIS MEDICAL CENTRE,AUH,,Abu Dhabi,,+97125506691,24.479,54.364,PRODMS3781
OCCU MED CLINIC LLC,AUH,,Abu Dhabi,,+97125134000,24.404,54.486,PRODMS4429
ORCHID PHARMACY,AUH,,Abu Dhabi,,+97124431090,24.462,54.384,PRODMS4509
OXFORD MEDICAL CENTER,AUH,,Abu Dhabi,,+97124489666,24.457,54.392,PRODMS2685
OXFORD PHARMACY,AUH,,Abu Dhabi,,+97124489191,24.457,54.392,PRODMS2686
PARAMOUNT CLINICS LLC,AUH,,Abu Dhabi,,+97126228724,24.493,54.367,PRODMS4855
PEARLY SMILE DENTAL CENTER LLC BRANCH 1,AUH,,Abu Dhabi,,+97125566520,24.402,54.585,PRODMS4864
PEARLY SMILE DENTAL CENTRE LLC,AUH,,Abu Dhabi,,+97126393677,24.492,54.369,PRODMS3176
PERFECT SMILE DENTAL CENTRE LLC,AUH,,Abu Dhabi,,+97126334660,24.493,54.367,PRODMS4858
PESHAWAR MEDICAL CENTRE,AUH,,Abu Dhabi,,+97125508987,24.244,55.73,PRODMS3827
PHOENIX HOSPITAL LLC,AUH,,Abu Dhabi,,+97126151515,24.333,54.531,PRODMS4431
PRIMA CURE MEDICAL CENTER,AUH,,Abu Dhabi,,+97126342424,24.477,54.367,PRODMS3286
PRISTINE DENTAL CLINIC,AUH,,Abu Dhabi,,+97126446650,24.336,54.534,PRODMS4877
PROFICIENCY HEALTHCARE DIAGNOSTICS LABORATORI,AUH,,Abu Dhabi,,+97124919300,24.491,54.372,PRODMS3765
RAHMATH SILA CLINIC,AUH,,Abu Dhabi,,+97128724999,24.064,51.776,PRODMS4969
REAL 7 PHARMACY DMCC BRANCH,AUH,,Abu Dhabi,,+97143441122,24.429,54.619,PRODMS4747
REEM HOSPITAL LLC,AUH,,Abu Dhabi,,,24.491,54.413,PRODMS5077
REEM PHARMACY LLC,AUH,,Abu Dhabi,,,24.491,54.413,PRODMS5079
ROYAL MEDICAL CENTER ONE DAY SURGERY,AUH,,Abu Dhabi,,97126666610,24.37612,54.63023,P10411
SAAD PHARMACY,AUH,,Abu Dhabi,,+97126277332,25.231,55.305,PRODMS3678
SADD MAAREB PHARMACY,AUH,,Abu Dhabi,,+97125832625,24.56,54.695,PRODMS2280
SAFE CARE DENTAL CENTER,AUH,,Abu Dhabi,,+97125868655,24.291,54.632,PRODMS3143
SAHARA MEDICAL CENTER LLC,AUH,,Abu Dhabi,,+97125556393,24.346,54.482,PRODMS2245
SAHEL CLINIC FIRST AID CENTER,AUH,,Abu Dhabi,,+97126022444,23.683,53.605,PRODMS2623
SAMA ALSHAMKA MEDICAL CENTER,AUH,,Abu Dhabi,,+97125866020,24.371,54.687,PRODMS4370
SAMA ALSHAMKA PHARMACY,AUH,,Abu Dhabi,,+97125866020,24.371,54.687,PRODMS4369
SANDS PHARMACY,AUH,,Abu Dhabi,,+97126425688,24.48,54.373,PRODMS2257
SEHA EMIRATES HOSPITAL LLC,AUH,,Abu Dhabi,,+97124438999,24.52,54.369,PRODMS3427
SEHA EMIRATES ONE DAY SURGERY CENTER PHARMACY,AUH,,Abu Dhabi,,+97124438999,24.52,54.369,PRODMS3428
SHADI INTERNATIONAL AND ORTHODONTIC CENTER,AUH,,Abu Dhabi,,+97126228880,24.493,54.374,PRODMS3510
SHAH FIRST AID CENTER,AUH,,Abu Dhabi,,+97126022444,23.144,53.914,PRODMS2622
SHEFAA AL MADEENA PHARMACY LLC BRANCH OF ABU,AUH,,Abu Dhabi,,+97143214197,24.476,54.347,PRODMS4743
SKY COMMUNITY PHARMACY,AUH,,Abu Dhabi,,+97126760880,24.496,54.409,PRODMS4001
SKY DENTAL CENTER LLC BRANCH 1,AUH,,Abu Dhabi,,+97126677448,24.405,54.55,PRODMS4873
SMART PHARMACY L L C,AUH,,Abu Dhabi,,+97125592460,24.352,54.498,PRODMS2730
SMILE AL REEM DENTAL CENTER,AUH,,Abu Dhabi,,+97126660922,24.474,54.347,PRODMS4857
SMILE FIRST DENTAL CLINIC,AUH,,Abu Dhabi,,+97126226672,24.494,54.377,PRODMS4878
SNO CLINICS SOLE PROPRIETORSHIP LLC,AUH,,Abu Dhabi,,+97124936700,24.471,54.385,PRODMS4895
STANDARD PHARMACY,AUH,,Abu Dhabi,,+97125513394,24.452,54.374,PRODMS3516
STYLE SMILE ADVANCED DENTAL CENTER,AUH,,Abu Dhabi,,+97126674646,24.482,54.351,PRODMS2302
SUPERCARE PHARMACY BRANCH OF ABU DHABI 2,AUH,,Abu Dhabi,,+97126653350,24.333,54.524,PRODMS4019
SUPERCARE PHARMACY BRANCH OF ABU DHABI 3,AUH,,Abu Dhabi,,,24.542,54.684,PRODMS4235
SUPERCARE PHARMACY BRANCH OF ABU DHABI 4,AUH,,Abu Dhabi,,+97143504500,24.496,54.383,PRODMS5205
SUPERCARE PHARMACY BRANCH OF ABU DHABI 5,AUH,,Abu Dhabi,,+97143504500,24.47,54.372,PRODMS5201
SUPERCARE PHARMACY LLC BRANCH OF ABU DHABI 11,AUH,,Abu Dhabi,,97124915103,24.4587,54.3218,P10814
SUPERCARE PHARMACY LLC BRANCH OF ABU DHABI 7,AUH,,Abu Dhabi,,,24.496,54.604,PRODMS5340
SUPERCARE PHARMACY LLC BRANCH OF ABU DHABI 8,AUH,,Abu Dhabi,,+97143343233,24.496,54.408,PRODMS5354
SUPERCARE PHARMACY LLC BRANCH OF ABU DHABI 9,AUH,,Abu Dhabi,,,24.496,54.604,PRODMS5358
SUPERCARE PHARMACY LLC BRANCH OF ABU DHABI AL MUNEERA ISLAND,AUH,,Abu Dhabi,,,24.453,54.604,PRODMS5341
SWEDISH MEDICAL CENTER,AUH,,Abu Dhabi,,+97126811122,24.469,54.368,PRODMS3929
TABIBAK MEDICAL CLINIC,AUH,,Abu Dhabi,,+97128848442,23.746,53.508,PRODMS4715
TAHA DENTAL AND MEDICAL CENTRE AUH,AUH,,Abu Dhabi,,+97126343438,24.481,54.371,PRODMS2354
TAHA PHARMACY LLC,AUH,,Abu Dhabi,,+97126343447,24.439,54.71,PRODMS3791
TAJ DENTAL CENTRE,AUH,,Abu Dhabi,,+97126220300,24.488,54.358,PRODMS2958
TAJMEEL SPECIALIZED MEDICAL CENTER LLC,AUH,,Abu Dhabi,,+97126107809,24.442,54.576,PRODMS4831
TAJMEEL SPECIALIZED MEDICAL CENTER LLC BRANCH,AUH,,Abu Dhabi,,+97126107809,24.462,54.366,PRODMS4829
TALAT MEDICAL CENTRE MUSAFFAH,AUH,,Abu Dhabi,,+97125527100,24.35,54.533,PRODMS2719
TALAT PHARMACY MUSAFFAH,AUH,,Abu Dhabi,,+97125526909,24.324,54.536,PRODMS2720
TARMEEM ORTHOPEDIC AND SPINE SPECIALTY HOSPITAL LLC,AUH,,Abu Dhabi,,02-575 3819,24.3983,54.55484,P10031
TARMEEM ORTHOPEDIC MEDICAL CENTRE,AUH,,Abu Dhabi,,02-3013800,24.3983,54.5604,P10660
THE VERGE CLINIC DENTAL LLC,AUH,,Abu Dhabi,,+97124455884,24.53245,54.42465,PRODMS3520
THOMAS DENTAL CENTRE,AUH,,Abu Dhabi,,+97126414400,24.484,54.375,PRODMS3177
THUHFAAL ANDALUS PHARMACY,AUH,,Abu Dhabi,,+97125522262,24.441,54.708,PRODMS2682
TOPCARE MEDICAL CENTRE,AUH,,Abu Dhabi,,+97125500620,24.339,54.49,PRODMS2732
TOPCARE PHARMACY,AUH,,Abu Dhabi,,+97125500625,24.422,54.575,PRODMS3927
TOPCARE PHARMACY BRANCH 1,AUH,,Abu Dhabi,,+97126665131,24.178,55.764,PRODMS4363
TOWN LIFE PHARMACY LLC,AUH,,Abu Dhabi,,+97143441122,24.497,54.383,PRODMS4732
UNILABS DIAGNOSTICS LLC,AUH,,Abu Dhabi,,+97143586606,24.488,54.353,PRODMS3423
UNIVERSAL SPECIALITY MEDICAL CENTER,AUH,,Abu Dhabi,,+97125524425,24.342,54.537,PRODMS3708
WAZIRUSTAN CLINIC,AUH,,Abu Dhabi,,+97128741400,23.867,52.803,PRODMS2862
WECARE MEDICAL CENTRE LLC,AUH,,Abu Dhabi,,+97126218005,24.483,54.364,PRODMS3119
WELL CARE MEDICAL CENTER AUH,AUH,,Abu Dhabi,,+97126766000,24.491,54.364,PRODMS3205
WELL CARE PHARMACY LLC,AUH,,Abu Dhabi,,+97126779888,24.49,54.372,PRODMS4346
WELLNESS ONE DAY SURGERY CENTRE LLC,AUH,,Abu Dhabi,,+97126422424,24.443,54.398,PRODMS2240
WELLNESS PHARMACY LLC,AUH,,Abu Dhabi,,+97126422424,24.443,54.398,PRODMS4548
WHITE SMILE DENTAL CENTER LLC,AUH,,Abu Dhabi,,,24.495,54.371,PRODMS4856
YAS HEALTHCARE LLC,AUH,,Abu Dhabi,,+97123336909,24.456,54.396,PRODMS4817
YAS HEALTHCARE LLC BRANCH 1,AUH,,Abu Dhabi,,+97123336935,24.432,54.434,PRODMS5095
YATEEM OPTICIAN ABU DHABI MALL,AUH,,Abu Dhabi,,+97126451566,24.476,54.321,PRODMS2559
YATEEM OPTICIAN AL WAHDA,AUH,,Abu Dhabi,,+97124437460,24.47,54.373,PRODMS2562
YATEEM OPTICIAN BAWABAT AL SHARQ,AUH,,Abu Dhabi,,+97125516202,24.312,54.621,PRODMS2560
YATEEM OPTICIAN BRANCH 17,AUH,,Abu Dhabi,,+97128766622,24.076,52.672,PRODMS4583
YATEEM OPTICIAN DALMA MALL,AUH,,Abu Dhabi,,+97125516202,24.334,54.523,PRODMS2566
YATEEM OPTICIAN DALMA MALL 2,AUH,,Abu Dhabi,,+97125508633,24.539,54.425,PRODMS2565
YATEEM OPTICIAN HAMDAN,AUH,,Abu Dhabi,,+97126776222,24.491,54.362,PRODMS2557
YATEEM OPTICIAN KHALIDIYA MALL,AUH,,Abu Dhabi,,+97126354999,24.476,54.321,PRODMS2567
YATEEM OPTICIAN KHALIFA ST,AUH,,Abu Dhabi,,+97126277022,24.491,54.36,PRODMS2564
YATEEM OPTICIAN MARINA MALL 1,AUH,,Abu Dhabi,,+97126818170,24.476,54.321,PRODMS2558
YATEEM OPTICS ABU DHABI,AUH,,Abu Dhabi,,+97125651444,24.489,54.609,PRODMS4584
YATEEM OPTICS BRANCH 1,AUH,,Abu Dhabi,,+97126666402,24.398,54.56,PRODMS4582
YATEEM PHARMACY,AUH,,Abu Dhabi,,+97126666167,54.56,24.398,PRODMS4645
YATEEM SPECIALIZED CENTER DAY SURGERY,AUH,,Abu Dhabi,,+97126666167,54.56,24.398,PRODMS4646
ZENITH DENTAL CLINIC,AUH,,Abu Dhabi,,+97126216016,24.346,54.493,PRODMS4848
ZIA MEDICAL CENTRE,AUH,,Abu Dhabi,,+97125522201,24.461,54.388,PRODMS3096
