NETWORK_ID,NETWORK_NAME,TPA,PROVIDER NAME,EMIRATE,PROVIDER TYPE,AREA,ADDRESS,TELEPHONE,lat,lon
nextcare-teleconsultation-providers-august-2026,NextCare Teleconsultation Providers August 2026,NEXTCARE,Burjeel Day Surgery Center L.L.C.,AUH,CLINIC,Al Reem Island,"Gate and Arc Towers, Al Reem Island",80055,,
nextcare-teleconsultation-providers-august-2026,NextCare Teleconsultation Providers August 2026,NEXTCARE,Burjeel Medical Center Al Shamkha L.L.C.,AUH,CLINIC,Makani Mall,"Makani Mall, Al Shamkha, Abu Dhabi",80055,,
nextcare-teleconsultation-providers-august-2026,NextCare Teleconsultation Providers August 2026,NEXTCARE,Burjeel Medical Centre Barari LLC,AUH,CLINIC,Al Ain,"Burjeel Medical Centre Barari LLC Barari Outlet Mall 137th Street, Mezyad, Al Ain",80055,,
nextcare-teleconsultation-providers-august-2026,NextCare Teleconsultation Providers August 2026,NEXTCARE,Burjeel Medical Centre LLC,AUH,CLINIC,Shahama,"Deerfields Mall, Abu Dhabi-Dubai Rd, Al Bahia",80055,,
nextcare-teleconsultation-providers-august-2026,NextCare Teleconsultation Providers August 2026,NEXTCARE,Burjeel Oasis Medical Centre LLC,AUH,CLINIC,Madinat Zayed,ALDHAFRA Biulding Block B,80055,,
nextcare-teleconsultation-providers-august-2026,NextCare Teleconsultation Providers August 2026,NEXTCARE,LLH Medical Centre AL Musaffah LLC,AUH,CLINIC,Shabia,Plot C-173 Near AL Najah Private School Shabia 9 Abu Dhabi,80055,,
nextcare-teleconsultation-providers-august-2026,NextCare Teleconsultation Providers August 2026,NEXTCARE,LLH Medical Centre Al Musaffah LLC Branch 1,AUH,CLINIC,Mussafah,"Shabia 9, Musaffah, Abu Dhabi",80055,,
nextcare-teleconsultation-providers-august-2026,NextCare Teleconsultation Providers August 2026,NEXTCARE,LLH Medical Centre LLC,AUH,CLINIC,AL Markazya,"marina plaza, muroor road, abu dhabi, near madinath zayed shopping centre",80055,,
nextcare-teleconsultation-providers-august-2026,NextCare Teleconsultation Providers August 2026,NEXTCARE,Marina Health Promotion Center L.L.C.,AUH,CLINIC,Marina Mall,Marina Mall Abu Dhabi,3338333,,
nextcare-teleconsultation-providers-august-2026,NextCare Teleconsultation Providers August 2026,NEXTCARE,NMC Family Medical Center Ex: Nadia Medical Centre L.L.C - AUH,AUH,CLINIC,,"Beside Our Own English High School, Salam Street, Defence Road, Abu Dhabi",6424774,,
nextcare-teleconsultation-providers-august-2026,NextCare Teleconsultation Providers August 2026,NEXTCARE,NMC Day Surgery Center LLC - AUH,AUH,CLINIC,Mohammed Bin Zayed Street,"Prestige Tower, Near Capital Mall, St.No.79,Mohammed Bin Zayed Street,Abu Dhabi",6911500,,
nextcare-teleconsultation-providers-august-2026,NextCare Teleconsultation Providers August 2026,NEXTCARE,Occu Med Clinic L.L.C.,AUH,CLINIC,Mussafah,"Global Ascent Business Center Mussafah Ground Floor 15 GF SEHA Sector 4, Mussafah",5134000,,
nextcare-teleconsultation-providers-august-2026,NextCare Teleconsultation Providers August 2026,NEXTCARE,Tajmeel Kids Park Medical Centre LLC,AUH,CLINIC,Shahama,"Ground Floor, Fun Zone Block Emirates Park Zoo, Emirates Park Zoo",80055,,
nextcare-teleconsultation-providers-august-2026,NextCare Teleconsultation Providers August 2026,NEXTCARE,LLH Medical Centre Al Musaffah LLC-Branch 3,AUH,CLINIC,Musaffah,"KM Trading, Opposite to ICAD gate No. 2, 16 Street",80055,,
nextcare-teleconsultation-providers-august-2026,NextCare Teleconsultation Providers August 2026,NEXTCARE,NMC Royal Medical Center LLC Al Karama Branch,AUH,CLINIC,Al Karama,"NMC Royal Medical Centre Karama, near International Community School, Al Faris Street",26144900,,
nextcare-teleconsultation-providers-august-2026,NextCare Teleconsultation Providers August 2026,NEXTCARE,NMC Royal Medical Center LLC Branch Shahama,AUH,CLINIC,Shahama,"C 170, Opposite Deerfields Mall, Shahama",28859400,,
nextcare-teleconsultation-providers-august-2026,NextCare Teleconsultation Providers August 2026,NEXTCARE,New Medical Centre LLC-Branch of Abu Dhabi 2,AUH,CLINIC,Al Wadi Area,"Al Wadi Trading Building, Plot No. 230, Sector Shiebat Al Salam, Zone Sanaiya, Al Wadi Area",7044700,,
nextcare-teleconsultation-providers-august-2026,NextCare Teleconsultation Providers August 2026,NEXTCARE,NMC Family Medical Center Ex: Nadia Medical Centre L.L.C - AUH,AUH,CLINIC,,"Beside Our Own English High School, Salam Street, Defence Road, Abu Dhabi",6424774,,
nextcare-teleconsultation-providers-august-2026,NextCare Teleconsultation Providers August 2026,NEXTCARE,Imperial College London Diabetes Centre - AUH,AUH,CLINIC,Embassies Area,"ICLDC Bldg, Next to Zayed Military Hospital, 30th Al Khaleej Al Arabi Road, Embassies Area, Abu Dhabi",4040800,,
nextcare-teleconsultation-providers-august-2026,NextCare Teleconsultation Providers August 2026,NEXTCARE,The Specialist Diabetes Treatment & Research Center- Imperial College London Diabetes Centre LLC- Branch 2,AUH,CLINIC,Zayed Sports City,"Zayed Sports City Stadium, Saif Ghubash Street, Abu Dhabi",4040800,,
nextcare-teleconsultation-providers-august-2026,NextCare Teleconsultation Providers August 2026,NEXTCARE,The Specialist Diabetes Treatment & Research Centere-Imperial College London Diabetes Centre – AAN,AUH,CLINIC,,"Next To Tawam Hospital, Al Ain",7464800,,
nextcare-teleconsultation-providers-august-2026,NextCare Teleconsultation Providers August 2026,NEXTCARE,Yas Healthcare LLC,AUH,CLINIC,Muroor,"Dusit Thani hotel, AL Jazira Stadium, Muroor",3336999,,
nextcare-teleconsultation-providers-august-2026,NextCare Teleconsultation Providers August 2026,NEXTCARE,Wellness One Day Surgery Center L.L.C.,AUH,CLINIC,Muroor,"Plot 94, Sector E-21, Opp to Pakistani School, 21st Dihan St., Muroor Road. Zafarana",6422424,,
nextcare-teleconsultation-providers-august-2026,NextCare Teleconsultation Providers August 2026,NEXTCARE,Golden Health Medical Centre,AUH,CLINIC,Hameem Road,"Al Salam Living City Hameem Road, Abu Dhabi",6225566,,
nextcare-teleconsultation-providers-august-2026,NextCare Teleconsultation Providers August 2026,NEXTCARE,Tabibak Medical Clinic,AUH,CLINIC,Hameem Road,"Campco Properties, Hameem Rd, Abu Dhabi",6225566,,
nextcare-teleconsultation-providers-august-2026,NextCare Teleconsultation Providers August 2026,NEXTCARE,Expert Medical Clinic,AUH,CLINIC,Hameem Road,"Mojumaat Workers City, Hameem Rd, Abu Dhabi",6225566,,
nextcare-teleconsultation-providers-august-2026,NextCare Teleconsultation Providers August 2026,NEXTCARE,Medstar Clinics Sanaiya Al Ain LLC,AUH,CLINIC,New Sanaiya,"Al Ain Town Center, Al Ain, UAE",37621007,,
nextcare-teleconsultation-providers-august-2026,NextCare Teleconsultation Providers August 2026,NEXTCARE,Medstar Icad Medical Center LLC,AUH,CLINIC,Mussafah,"Mussafah, Abu Dhabi, UAE",4431090,,
nextcare-teleconsultation-providers-august-2026,NextCare Teleconsultation Providers August 2026,NEXTCARE,Oxford Medical Center - AUH,AUH,CLINIC,Muroor,"Near Emirates General market, Muroor Road, Abu Dhabi",4489666,,
nextcare-teleconsultation-providers-august-2026,NextCare Teleconsultation Providers August 2026,NEXTCARE,Medical Speciality Centre LLC,AUH,CLINIC,Khalidhiya,"Yateem Opticals Building,Opp. Grant Store, Khalidhiya",6336325,,
nextcare-teleconsultation-providers-august-2026,NextCare Teleconsultation Providers August 2026,NEXTCARE,Alpha Medical Centre LLC,AUH,CLINIC,Musaffah,Al Firdous center Opposite -AL Fahim Sanayya-M3 Musaffah,5558383,,
nextcare-teleconsultation-providers-august-2026,NextCare Teleconsultation Providers August 2026,NEXTCARE,Mesk Al Madina Medical Centre L.L.C.,AUH,CLINIC,Mussafah,"Beside Big Mart & Green Hypermarket, Main Road Opposite of Icad Residential Gate #2, Mussafah",5504333,,
nextcare-teleconsultation-providers-august-2026,NextCare Teleconsultation Providers August 2026,NEXTCARE,NMC Royal Medical Center LLC Al Karama Branch,AUH,CLINIC,Al Karama,"NMC Royal Medical Centre Karama, near International Community School, Al Faris Street",26144900,,
nextcare-teleconsultation-providers-august-2026,NextCare Teleconsultation Providers August 2026,NEXTCARE,Clinics - Mediclinic Hospitals L.L.C. - (Al Madar) Ex: Al Madar Medical Center Branch (Muwaiji) - AAN,AUH,CLINIC,Muwaiji,"Muwaiji, Al Ain, UAE",7559040,,
nextcare-teleconsultation-providers-august-2026,NextCare Teleconsultation Providers August 2026,NEXTCARE,Clinics - Mediclinic Hospitals L.L.C. - (Zakher) Ex: Al Madar Medical Center- Branch 1 - AAN,AUH,CLINIC,"Al Maqam,","3rd Street Shabiyat , Al Maqam, Al Ain, Abu",7681184,,
nextcare-teleconsultation-providers-august-2026,NextCare Teleconsultation Providers August 2026,NEXTCARE,Clinics - Mediclinic Hospitals L.L.C. Branch 10 Ex: Al Noor Hospital Clinic- Al Ain- Branch 3,AUH,CLINIC,Al Bawadi,"Al Bawadi Mall Building ( Same building as Union National Bank ), Zayed Bin Sultan Street ( Street # 137 )",7667666,,
nextcare-teleconsultation-providers-august-2026,NextCare Teleconsultation Providers August 2026,NEXTCARE,Clinics - Mediclinic Hospitals L.L.C. - (Al Yahar) Ex: Al Noor Hospital Clinics - Al Ain - Branch 6,AUH,CLINIC,Al Yahar North,"Sheikh Salem, Al Amri, Al Yahar North, Al Ain",7133401,,
nextcare-teleconsultation-providers-august-2026,NextCare Teleconsultation Providers August 2026,NEXTCARE,Mediclinic Hospitals - Madinat Zayed Clinics Ex: Al Noor Hospital Clinics - Madinat Zayed,AUH,CLINIC,Madinat Zayed Western Region,"Madinat Zayed Western Region, Abu Dhabi, UAE",8944999,,
nextcare-teleconsultation-providers-august-2026,NextCare Teleconsultation Providers August 2026,NEXTCARE,Mediclinic Hospitals - Baniyas Clinics Ex: Al Noor Hospital Family Care - Baniyas,AUH,CLINIC,Baniyas Area,Baniyas - Abu Dhabi,5668800,,
nextcare-teleconsultation-providers-august-2026,NextCare Teleconsultation Providers August 2026,NEXTCARE,Mediclinic Al Mamora L.L.C. Ex: Al Noor Hospital Family Care Center - Al Mamora,AUH,CLINIC,Al Mamura/ Muroor Road,"Al Mamura/ Muroor Road, Abu Dhabi",4126106,,
nextcare-teleconsultation-providers-august-2026,NextCare Teleconsultation Providers August 2026,NEXTCARE,Mediclinic - Khalifa City L.L.C. Ex: Al Noor Hospital Medical Center Khalifa City LLC,AUH,CLINIC,Khalifa City,"284 Villla near Police Station, Khalifa City A, AUH",8856700,,
nextcare-teleconsultation-providers-august-2026,NextCare Teleconsultation Providers August 2026,NEXTCARE,Mediclinic Hospitals - Almusafah Speciality Ex: Al Noor Hospital Speciality Clinics - Al Musafah - AUH,AUH,CLINIC,Mussafah,"Bilal Mustafa Al Khaled, Shabiya Mussafah Big Mosque, Me-10, Shabiya, Mussafah, Abu Dhabi, U.A.E.",4066874,,
nextcare-teleconsultation-providers-august-2026,NextCare Teleconsultation Providers August 2026,NEXTCARE,Mediclinic Hospitals - Madinat Zayed Speciality Ex: Al Noor Hospital Speciality Clinics - Madinat Zayed,AUH,CLINIC,Bida Zayed,Madinat Zayed,8846633,,
nextcare-teleconsultation-providers-august-2026,NextCare Teleconsultation Providers August 2026,NEXTCARE,NMC Royal Womens Hospital LLC (EX. Bright Point Royal Womens Hospital LLC),AUH,HOSPITAL,Murour Road,"Commercial Tower B; Al Jazira Sports and Culture Club; plot no 36, Murour Road",5082000,,
nextcare-teleconsultation-providers-august-2026,NextCare Teleconsultation Providers August 2026,NEXTCARE,Burjeel Hospital - AUH,AUH,HOSPITAL,Al Najda street,"Burjeel Building, Next to Dar al shifa Hospital, Al Najda street, Abu Dhabi",80055,,
nextcare-teleconsultation-providers-august-2026,NextCare Teleconsultation Providers August 2026,NEXTCARE,Life Line Hospital Al Musafah L.L.C (ex- Lifeline Hospital - Day Care Surgery),AUH,HOSPITAL,Musaffah,"Industrial Area, backside First Gulf Bank, near Etisalat branch",80055,,
nextcare-teleconsultation-providers-august-2026,NextCare Teleconsultation Providers August 2026,NEXTCARE,Lifecare Hospital - LLC - AUH,AUH,HOSPITAL,Baniyas,"Gate No-6, Al Raha Village, Al Madina Hypermarket, Al Wathba, Baniyas, Abu Dhabi",80055,,
nextcare-teleconsultation-providers-august-2026,NextCare Teleconsultation Providers August 2026,NEXTCARE,Lifecare Hospital Musaffah - Branch 1,AUH,HOSPITAL,Mussaffah,"Near Village Mall Behind ADNOC Petrol Pump, Mussaffah, AUH",80055,,
nextcare-teleconsultation-providers-august-2026,NextCare Teleconsultation Providers August 2026,NEXTCARE,Medeor 24X7 Hospital -L.L.C.,AUH,HOSPITAL,Madinat Zayed,"Medeor 24x7 Hospital Building, Opp Abu Dhabi Central Post Office, Passport Road, Muroor Road, Madinat Zayed",80055,,
nextcare-teleconsultation-providers-august-2026,NextCare Teleconsultation Providers August 2026,NEXTCARE,Medeor 24X7 International Hospital LLC,AUH,HOSPITAL,Al Ain,Asharej Commercial & Residential Center Opp line of Al Markhania Mall Bida Bin Ammar Aharej Al Ain,80055,,
nextcare-teleconsultation-providers-august-2026,NextCare Teleconsultation Providers August 2026,NEXTCARE,NMC Specialty Hospital - AUH,AUH,HOSPITAL,Madinat Zayed,"NMC Tower Bldg., Opp.Etisalat,Electra Zayed II, Abu Dhabi City",6179728,,
nextcare-teleconsultation-providers-august-2026,NextCare Teleconsultation Providers August 2026,NEXTCARE,New Medical Centre Specialty Hospital LLC (Ex: NMC Specialty Hospital L.L.C Al Ain),AUH,HOSPITAL,Al Mutaredh,"Oud Al Hassan St.,opposite al Ain Police Headquartes, Shk.Shakboot Bin Sultan St,13th St,Al Mutaredh Area",7555999,,
nextcare-teleconsultation-providers-august-2026,NextCare Teleconsultation Providers August 2026,NEXTCARE,Burjeel Royal Hospital LLC,AUH,HOSPITAL,Al Ain,Town center Qesaidah Sector Down town commercial & residential center downtown Al Ain,80055,,
nextcare-teleconsultation-providers-august-2026,NextCare Teleconsultation Providers August 2026,NEXTCARE,Bareen International Hospital,AUH,HOSPITAL,Mohammad Bin Zayed Area,"Near Fatema Bent Mubark Mousque, Hamdan Street, Muroor Road, Mohammad Bin Zayed Area",5545555,,
nextcare-teleconsultation-providers-august-2026,NextCare Teleconsultation Providers August 2026,NEXTCARE,Mediclinic Hospitals L.L.C. (Airport Road Hospital) Ex: Al Noor Hospital - Airport Branch,AUH,HOSPITAL,Airport Road,"Beside Sheikh Zayed Sports City, Airport Road. AUH",4446655,,
nextcare-teleconsultation-providers-august-2026,NextCare Teleconsultation Providers August 2026,NEXTCARE,Mediclinic Hospitals L.L.C. (Al Ain Branch Hospital) Ex: Al Noor Hospital-AAN,AUH,HOSPITAL,Al Ain Hospital,"End of Khalifa st.,Beside Choitram supermarket",7667666,,
nextcare-teleconsultation-providers-august-2026,NextCare Teleconsultation Providers August 2026,NEXTCARE,Mediclinic Hospitals L.L.C. (Al Noor Hospital) Ex: Al Noor Hospital-AUH,AUH,HOSPITAL,Khalifa,"Hospital Building, Khalifa,Beside National Bank of Abu Dhabi Main Branch",6139368,,
nextcare-teleconsultation-providers-august-2026,NextCare Teleconsultation Providers August 2026,NEXTCARE,Mediclinic Hospitals L.L.C. (Al Jowhara Hospital) Ex: Al Noor Medical Company - Al Noor Hospital LLC - Branch 4,AUH,HOSPITAL,Al Jowhara,"Al Jowhara Al Noor Hospital, Al Jowhara, Civic Center, Al Ain",7051591,,
nextcare-teleconsultation-providers-august-2026,NextCare Teleconsultation Providers August 2026,NEXTCARE,Prime Medical Center AJM-LLC,AJM,CLINIC,Sheikh Khalifa Bin Zayed St.,"Ground Floor, Grand Mall, Sheikh Khalifa Bin Zayed St.",47070777,,
nextcare-teleconsultation-providers-august-2026,NextCare Teleconsultation Providers August 2026,NEXTCARE,Amber - Al Noor Polyclinic - DXB,DXB,CLINIC,Rigga Road,"Rigga Business Center, Ibis Hotel, Rigga Road, Deira, Dubai",2309100,,
nextcare-teleconsultation-providers-august-2026,NextCare Teleconsultation Providers August 2026,NEXTCARE,Unicare Medical Centre,DXB,CLINIC,Bur Dubai,"Burjuman Centre, Bank Street",3529292,,
nextcare-teleconsultation-providers-august-2026,NextCare Teleconsultation Providers August 2026,NEXTCARE,Unicare Medical Centre Branch - DXB,DXB,CLINIC,Satwa,"#172, Next to Dubai Nursery, Al Hudaiba, Mankhool Road, Satwa, Dubai",3980880,,
nextcare-teleconsultation-providers-august-2026,NextCare Teleconsultation Providers August 2026,NEXTCARE,Prime Medical Center - (Shike Zayed Road),DXB,CLINIC,Shike Zayed Road,"IBRI House, Sh. Zayed Road, near 3rd Interchange",47070777,,
nextcare-teleconsultation-providers-august-2026,NextCare Teleconsultation Providers August 2026,NEXTCARE,Prime Medical Center - Bur Dubai - DXB,DXB,CLINIC,Bur Dubai,"3rd floor of Burjuman Center at Khalid Bin Al Waleed Rd, Dubai, UAE",47070777,,
nextcare-teleconsultation-providers-august-2026,NextCare Teleconsultation Providers August 2026,NEXTCARE,Prime Medical Center - DXB,DXB,CLINIC,Deira,"5 th Floor, Gulf Air Bldg. Opp. to Toys R Us, Salahuddin Road, Deira",47070777,,
nextcare-teleconsultation-providers-august-2026,NextCare Teleconsultation Providers August 2026,NEXTCARE,Prime Medical Center Al Qusais Br of Prime Medical Center LLC,DXB,CLINIC,Al Qusais,"Ground Floor, Al Qusais Plaza, Damascus Street, Al Qusais",47070777,,
nextcare-teleconsultation-providers-august-2026,NextCare Teleconsultation Providers August 2026,NEXTCARE,Prime Medical Center Motor City (Br of Prime Medical Center LLC),DXB,CLINIC,Motor City,"First Avenue Mall inside First Avenue Mall Sherlock Street, Motor City",47070777,,
nextcare-teleconsultation-providers-august-2026,NextCare Teleconsultation Providers August 2026,NEXTCARE,Prime Medical Center Reef Mall,DXB,CLINIC,Deira,"Reef Mall, Salahuddin Metro Station, Muraqabat, Deira",47070777,,
nextcare-teleconsultation-providers-august-2026,NextCare Teleconsultation Providers August 2026,NEXTCARE,Prime Medical Center RTA LLC,DXB,CLINIC,Rashidiya,"Ground Floor, Block B, RTA Head Quarter, Umm Ramool, Rashidiya",47070777,,
nextcare-teleconsultation-providers-august-2026,NextCare Teleconsultation Providers August 2026,NEXTCARE,Prime Medical Center Barsha Heights Branch LLC,DXB,CLINIC,Barsha Heights,"Onyx Tower 1, beside Costa Coffee, Abdullah Omran Taryam Street, Sheikh Zayed Road, The greens (Al Thanya Third)",47070777,,
nextcare-teleconsultation-providers-august-2026,NextCare Teleconsultation Providers August 2026,NEXTCARE,Prime Corp Medical Center DIP (BR of Primecorp Medical Center LLC),DXB,CLINIC,Dubai Investment Park 2,"Building No. 33 Al Futtaim Accomodation, Street 53, Dubai Investment Park 2",47070777,,
nextcare-teleconsultation-providers-august-2026,NextCare Teleconsultation Providers August 2026,NEXTCARE,Primecorp Medical Center DWC (Br of Primecorp Medical Center LLC),DXB,CLINIC,Al Maktoum International Airport,"Dubai Aviation Engineering Project, Al Maktoum International Airport, Jebel Ali",47070777,,
nextcare-teleconsultation-providers-august-2026,NextCare Teleconsultation Providers August 2026,NEXTCARE,Primecorp Medical Center Jabal Ali Branch,DXB,CLINIC,Jebal Ali,"ALEC Camp 12, Jebal Ali, Industrial First",47070777,,
nextcare-teleconsultation-providers-august-2026,NextCare Teleconsultation Providers August 2026,NEXTCARE,Primecorp Medical Center LLC (Ex-Al Qouz Prime Corp Medical Center),DXB,CLINIC,Deira,"6th floor of Gulf Air Building (same building of Prime Medical Center Deira) at Salahuddin Road, Deira",47070777,,
nextcare-teleconsultation-providers-august-2026,NextCare Teleconsultation Providers August 2026,NEXTCARE,Al Noor PolyClinic - Deira,DXB,CLINIC,Deira,Naif Street,2233324,,
nextcare-teleconsultation-providers-august-2026,NextCare Teleconsultation Providers August 2026,NEXTCARE,Al Noor Polyclinic - Satwa,DXB,CLINIC,Satwa,"Bakhita Al Garwan Bldg, Opp. Al Maya Lal's Super Market",3498100,,
nextcare-teleconsultation-providers-august-2026,NextCare Teleconsultation Providers August 2026,NEXTCARE,Biosytech Medical Laboratory - DXB,DXB,CLINIC,Jafaliya,"Villa #172, Jafaliya, Mankhool Road, Dubai",3988567,,
nextcare-teleconsultation-providers-august-2026,NextCare Teleconsultation Providers August 2026,NEXTCARE,Joseph's Qusais Polyclinic,DXB,CLINIC,Qussais,"POB 50730, Qusais, Dubai, UAE",2636767,,
nextcare-teleconsultation-providers-august-2026,NextCare Teleconsultation Providers August 2026,NEXTCARE,Joseph's Qusais Polyclinic,DXB,CLINIC,Qussais,"POB 50730, Qusais, Dubai, UAE",2636767,,
nextcare-teleconsultation-providers-august-2026,NextCare Teleconsultation Providers August 2026,NEXTCARE,Occupational Health International - Br of Gulf Healthcare International - DXB,DXB,CLINIC,Rigga Road,"Rigga Business Centre, Ibis Hotel, Rigga Road, Deira",8002344,,
nextcare-teleconsultation-providers-august-2026,NextCare Teleconsultation Providers August 2026,NEXTCARE,Doctors Clinic,DXB,CLINIC,Deira,"Al Maktoum Road 151 Sultan Owais, Deira, Dubai",2246688,,
nextcare-teleconsultation-providers-august-2026,NextCare Teleconsultation Providers August 2026,NEXTCARE,Al Barsha Clinic (Al-Quoz) - DXB,DXB,CLINIC,Al Quoz Industrial 3,"Bin Galaith Bldg., Above City Sun Pharmacy, Street no. 17, Al Quoz Industrial Area No. 3, Dubai",3478285,,
nextcare-teleconsultation-providers-august-2026,NextCare Teleconsultation Providers August 2026,NEXTCARE,Muhaisna Speciality Clinic - DXB (Ex_Al Barsha Clinic (Branch) Sonapur),DXB,CLINIC,Muhaisna,"Near Al Rostamani, Exchange Muhaisna 2 Sonapur, Dubai",2644155,,
nextcare-teleconsultation-providers-august-2026,NextCare Teleconsultation Providers August 2026,NEXTCARE,Al Musalla Medical Centre Al Barsha Branch,DXB,CLINIC,Bur Dubai,"Musalla Tower, Fahidi Metro Station Bank Street, Bur Dubai, Dubai",3966123,,
nextcare-teleconsultation-providers-august-2026,NextCare Teleconsultation Providers August 2026,NEXTCARE,Mediclinic Al Qusais Clinic - DXB,DXB,CLINIC,Qussais,"Dubai Residential Oasis, Al Qusais",2586466,,
nextcare-teleconsultation-providers-august-2026,NextCare Teleconsultation Providers August 2026,NEXTCARE,Mediclinic Al Sufouh,DXB,CLINIC,Knowledge Village,"Knowledge Village, Block 10",3661030,,
nextcare-teleconsultation-providers-august-2026,NextCare Teleconsultation Providers August 2026,NEXTCARE,Mediclinic Arabian Ranches - DXB,DXB,CLINIC,Arabian Ranches,"Main Gate, opposite Village Community, Arabian Ranches, Dubai",4453900,,
nextcare-teleconsultation-providers-august-2026,NextCare Teleconsultation Providers August 2026,NEXTCARE,Mediclinic Dubai Mall- DXB,DXB,CLINIC,Dubai Mall,"The Dubai Mall, Dubai",4495111,,
nextcare-teleconsultation-providers-august-2026,NextCare Teleconsultation Providers August 2026,NEXTCARE,Mediclinic Ibn Battuta - DXB,DXB,CLINIC,Jebel Ali,"China court Shop no.142,Ibn Battuta Mall",4409000,,
nextcare-teleconsultation-providers-august-2026,NextCare Teleconsultation Providers August 2026,NEXTCARE,Mediclinic Meadows - DXB,DXB,CLINIC,Meadows 2,"near Emirates International School, Meadows-2, Dubai",4534040,,
nextcare-teleconsultation-providers-august-2026,NextCare Teleconsultation Providers August 2026,NEXTCARE,Mediclinic Mirdiff L.L.C - DXB,DXB,CLINIC,Mirdif,"Uptown Mirdiff Building, Ground Floor, Flat # 13 Behind Spinneys Supermarket",2881302,,
nextcare-teleconsultation-providers-august-2026,NextCare Teleconsultation Providers August 2026,NEXTCARE,Mediclinic Welcare Outpatient Centre (Br of Mediclinic Welcare Hospital LLC),DXB,CLINIC,Garhoud,"2nd St., Al Garhoud Hospital, Mediclinic Welcare Hospital",2827788,,
nextcare-teleconsultation-providers-august-2026,NextCare Teleconsultation Providers August 2026,NEXTCARE,Mediclinic Meaisem (Ex. City Centre Clinic),DXB,CLINIC,Deira,"City Centre Clinic, Deira City Centre, Adjacent to Pullman Hotel,Deira, Dubai",2052777,,
nextcare-teleconsultation-providers-august-2026,NextCare Teleconsultation Providers August 2026,NEXTCARE,Mediclinic Deira Clinic Br of Mediclinic Clinics Investments LLC (Ex. City Centre Clinic Br MAF Healthcare),DXB,CLINIC,Sheikh Mohammed Bin Zayed Rd,"G044, Ground Floor, Me'Aisem City Centre, Sheikh Mohammed Bin Zayed Rd. & Al Khalil Rd. In",2052772,,
nextcare-teleconsultation-providers-august-2026,NextCare Teleconsultation Providers August 2026,NEXTCARE,Mediclinic Springs Clinic (BR of Mediclinics Clinics Investment LLC),DXB,CLINIC,Meadows Town Centre,Al Sohool Street Meadows Town Centre Dubai,5103222,,
nextcare-teleconsultation-providers-august-2026,NextCare Teleconsultation Providers August 2026,NEXTCARE,Dubai London Clinic-DFC,DXB,CLINIC,Dubai Festival City,"Ikea Entrance,G floor,opp. Costa caffee",2325751,,
nextcare-teleconsultation-providers-august-2026,NextCare Teleconsultation Providers August 2026,NEXTCARE,Dubai London Clinic Branch,DXB,CLINIC,Jumeirah 2,"Villa 440A, Al Wasl Road, Box Park, Jumeirah 2,",3782921,,
nextcare-teleconsultation-providers-august-2026,NextCare Teleconsultation Providers August 2026,NEXTCARE,Dubai London Clinic and Speciality Hospital Branch,DXB,CLINIC,Umm Al Sheif,"Al Thanyah Centre, Spinneys, Al Thanyah Street, Umm Al Sheif",3782814,,
nextcare-teleconsultation-providers-august-2026,NextCare Teleconsultation Providers August 2026,NEXTCARE,Dubai London Clinic and Speciality Hospital Br.,DXB,CLINIC,Wadi Al Safa 5,"Al Ain Road, The Centro Mall Building, Spinneys, Wadi Al Safa 5",3782821,,
nextcare-teleconsultation-providers-august-2026,NextCare Teleconsultation Providers August 2026,NEXTCARE,Prime Hospital LLC,DXB,HOSPITAL,Al Garhoud,"Casablanca Street, Airport Road, Al Garhoud, Dubai",47070777,,
nextcare-teleconsultation-providers-august-2026,NextCare Teleconsultation Providers August 2026,NEXTCARE,Mediclinic City Hospital FZ LLC,DXB,HOSPITAL,DHCC,"Bldg. no. 37, Opposite Wafi City",4359999,,
nextcare-teleconsultation-providers-august-2026,NextCare Teleconsultation Providers August 2026,NEXTCARE,Mediclinic Welcare Hospital - DXB,DXB,HOSPITAL,Garhoud,"Near Millenium Airport Hotel, Garhoud, Dubai",2827788,,
nextcare-teleconsultation-providers-august-2026,NextCare Teleconsultation Providers August 2026,NEXTCARE,Mediclinic Parkview Hospital Hospital LLC,DXB,HOSPITAL,Al Barsha South Third,"Mediclinic Bldg, Park View, Al Barsha South Third",4168851,,
nextcare-teleconsultation-providers-august-2026,NextCare Teleconsultation Providers August 2026,NEXTCARE,Medeor 24X7 Hospital LLC,DXB,HOSPITAL,Bur Dubai,"Embassy District, Umm Hurair 1, Sheikh Khalifa Bin Zayed Street (D 88), Bur Dubai",3500600,,
nextcare-teleconsultation-providers-august-2026,NextCare Teleconsultation Providers August 2026,NEXTCARE,Burjeel Hospital for Advanced Surgery,DXB,HOSPITAL,Sheikh Zayed Road,"Burjeel Hospital for Advanced Surgery Building, near Times Square, Sheikh Zayed Road",4070100,,
nextcare-teleconsultation-providers-august-2026,NextCare Teleconsultation Providers August 2026,NEXTCARE,International Modern Hospital,DXB,HOSPITAL,Mankhool,"Mankhool area, rashid port st. near Chelsey hotel, POB 121735",3988888,,
nextcare-teleconsultation-providers-august-2026,NextCare Teleconsultation Providers August 2026,NEXTCARE,Dubai London Specialty Hospital- (Ex. Dubai London Clinic),DXB,HOSPITAL,Jumeira,Al Wasel Street,3782999,,
nextcare-teleconsultation-providers-august-2026,NextCare Teleconsultation Providers August 2026,NEXTCARE,Fakeeh University Hospital,DXB,HOSPITAL,Dubai Silicon Oasis,"Fakeeh University Hospital Building, Dubai Silicon Oasis",4144444,,
nextcare-teleconsultation-providers-august-2026,NextCare Teleconsultation Providers August 2026,NEXTCARE,Aster Medical Centre Shiekh Zayed Road Br Of D M Healthcare LLC,DXB,CLINIC,Sheikh Zayed Road,"Al Manar Tower, Sheikh Zayed Road, Dubai",43200438,,
nextcare-teleconsultation-providers-august-2026,NextCare Teleconsultation Providers August 2026,NEXTCARE,Aster Medical Centre Business Bay,DXB,CLINIC,Business Bay - Sheikh Zayed,"Shop No G-15-17, Bay Avenue, Business Bay, Dubai Uae",44400500,,
nextcare-teleconsultation-providers-august-2026,NextCare Teleconsultation Providers August 2026,NEXTCARE,Aster Jubilee Medical Complex,DXB,CLINIC,Bur Dubai,"Near Al Fahidi Metro Station, Khalid Bin Al Waleed Road, Burdubai, Dubai Uae",44400500,,
nextcare-teleconsultation-providers-august-2026,NextCare Teleconsultation Providers August 2026,NEXTCARE,Unicare Medical Centre - SHJ,SHJ,CLINIC,Rolla,"Al Shamshi, Clock Tower, Rolla, Sharjah",5630313,,
nextcare-teleconsultation-providers-august-2026,NextCare Teleconsultation Providers August 2026,NEXTCARE,Prime Medical Center Al Nahda - SHJ,SHJ,CLINIC,Al Nahda 1,"Al Roda Tower 2, Opp. Carrefour Express, Al Etihad Street , Malaka Street , Al Nahda Sharjah",47070777,,
nextcare-teleconsultation-providers-august-2026,NextCare Teleconsultation Providers August 2026,NEXTCARE,Prime Medical Centre Al Qasimia ( ex- Prime Medical Center & One Day Surgical Hospital) - SHJ,SHJ,CLINIC,Al Qassmiya,"Al Qasmia bld, King Abdul Aziz st,Immegration Road,Near Mashreq Bank, Sharjah, UAE",47070777,,
nextcare-teleconsultation-providers-august-2026,NextCare Teleconsultation Providers August 2026,NEXTCARE,Prime Specialist Medical Centre,SHJ,CLINIC,Al Majaz I,"Safeer Market, King Faisal Street, Al Majaz I, Sharjah",47070777,,
nextcare-teleconsultation-providers-august-2026,NextCare Teleconsultation Providers August 2026,NEXTCARE,Prime Specialist Medical Centre LLC- Branch 1,SHJ,CLINIC,AL JURAINAH,Zero 6 Mall University City Road Al Jurainah Sharjah,47070777,,
nextcare-teleconsultation-providers-august-2026,NextCare Teleconsultation Providers August 2026,NEXTCARE,Marina Medical Center,SHJ,CLINIC,Rolla,"Mezzanine Floor, Above Doctors Pharmacy, opposite Rotana Hotel",5625234,,
nextcare-teleconsultation-providers-august-2026,NextCare Teleconsultation Providers August 2026,NEXTCARE,Reem Specialist Medical Centre,SHJ,CLINIC,Rolla,"Malabar Gold, Rolla Park",5625422,,
nextcare-teleconsultation-providers-august-2026,NextCare Teleconsultation Providers August 2026,NEXTCARE,Burjeel Specialty Hospital,SHJ,HOSPITAL,Al Fayha,"Al Fayha Park, Al Fayha, PO Box 32988, Sharjah, UAE",5075000,,
nextcare-teleconsultation-providers-august-2026,NextCare Teleconsultation Providers August 2026,NEXTCARE,Sheikh Khalifa General Hospital,UMQ,HOSPITAL,Al Salama,"Opp. Ministry of Social Affairs, Al Salama",7061111,,
