PROVIDER NAME,EMIRATE,PROVIDER TYPE,AREA,ADDRESS,TELEPHONE
ADNOC - Al Ruwais Hospital - Al Dhafra Region,AUH,Hospital,Ruwais,"Al Ruwais, Al Dhafra Region, Alternative E-Mail: ala.akkad@nmc.ae",97126020535
Al Ahalia Hospital (Hamdan St) Abu Dhabi,AUH,Hospital,,"Hamdan Street, Abu Dhabi",0097126262666
Al Ahalia Hospital (Mussafah) Abu Dhabi,AUH,Hospital,," M-24,Mussaffah, Near BMW Show Room
",0097128119119
New Medical Centre Speciality Hospital (Shakhboot Bin Sultan St) Al Ain,AUH,Hospital,Al Ain City,"Opposite Baladiya Park, Shakhboot Bin Sultan Street, Near Ayla hotel, Al Ain",0097137555999
Amina Hospital - Ajman,AJM,Hospital,,"Al Quds St, Post Box 5625 - Ajman",97167114444
Aster Hospital (Al Raffa) - Dubai,DXB,Hospital,AL RAFFA,"Kuwait Street, Mankhool, Next to Sharaf DG, Bur Dubai, DXB, P.O Box: 8703",0097144400500
Aster Hospital Sonapur (Muhaisnah 2) Dubai,DXB,Hospital,,"ASTER HOSPITAL, SONAPUR, ALGERIA STREET, MUHAISNAH 2, DUBAI",97144400500
Belhoul Speciality Hospital (AL BARAHA) - Dubai,DXB,Hospital,AL BARAHA,"2nd Street, Al Khaleej Rd, Deira - Dubai",0097142140318
Dubai Corporation for Ambulance Services - Dubai,DXB,Hospital,,Government of Dubai,0097142922222
NMC Royal Hospital (DIP 1) Dubai,DXB,Hospital,DUBAI INVESTMENT PARK FIRST,"Plot no # 598/122,Dubai Investments Park 1,Behind Falcon house - Dubai",0097148108800
NMC Specialty Hospital (Al Nahda 2) Dubai,DXB,Hospital,AL NAHDA SECOND,Next to Bait AL Khair Building - 7 A St - Amman St - Dubai,0097142679999
Al Sharq Hospital (Corniche Rd.) Fujairah,FUJ,Hospital,,Corniche Road next to Umbrella Beach - Fujairah,97192249999
Al Saha Wa Al Shifaa One Day Surgery Hospital (Rolla Mall) Sharjah,SHJ,Hospital,,"Office # 307, 3rd Floor, Rolla Mall, City of Sharjah, UAE",0097165632618
Central Private Hospital - Sharjah,SHJ,Hospital,,"Sheikh Zayed St, Mysaloon Near Clock Tower - Sharjah,                                                                                              (alt email: ceo@centralprivatehospital.com; cphsharjah@centralprivatehospital.com; finance@centralprivatehospital.com)",0097165639900
Emirates European Hospital (Rolla) Sharjah,SHJ,Hospital,,"Al Sharq St, Rolla - Sharjah",0097165619444
DHA - Dubai  Hospital,DXB,Hospital,,,04-2714444
DHA - Hatta Hospital,DXB,Hospital,,,"04-2197000  RCM_MEIbrahim@dha.gov.ae
"
DHA - Latifa Hospital,DXB,Hospital,,,"Oud Metha Road, Al Jadaf, Dubai 04-2193828; 04-3241111 RCM_HJoshi@dha.gov.ae

"
DHA - Rashid Hospital - Dubai,DXB,Hospital,,,"Oud Metha Area - Dubai  Tel: 04-2192000 04-5024455; 04-2195000, 04-2714444; 04-3371111
"
