provider_name,provider_type,address,emirate,phone
Freedom Medical Polyclinic,Clinic,Building 4 Musaffah M-4,Abu Dhabi,02-6336744
Lifecare Hospital Llc (Vps) (Llh Brand),Hospital,Al Raha Worker Village Near Al Gate 6 Baniyas City,Abu Dhabi,02-5856333
Lifeline Hospital(Llh-Emke Gr)(Vps),Hospital,Al Marwa Towers Electra Street Electra Street,Abu Dhabi,02-6335522
Llh Hospital Al Musaffah (Llh-Emke)(Vps),Hospital,Near Musaffah Police Station 4  Musaffah,Abu Dhabi,02-5557711
Access Medical Centre (Aster),Clinic,Near Nesto Hypermarket Al Hamrain Souq Ajman Industrial Area 1,Ajman,06-7404778
Advanced Medical Centre - Ajman-Kmc,Clinic,Flat # 202,2Nd F,Citymart Buil Sheikh Rashid Bin Humaid Stree Bustan
Ajman Medical Centre Llc,Clinic,Al Zahra Bldg 1St Floor, New Industrial 1 Ar Ajman,Ajman
Al Bustan Medical Clinic,Clinic,Uaeexchangebuilding Near China Mall, Jurf,Ajman
Al Gharafa Medical Centre,Clinic,3Rd Flooral Karama Plaz Abank Sheikh Abdullah Bin Rashid Nua Bustan,Ajman,06-7448322
Al Jurf Medical Center,Clinic,Jurf 3 Bldg. 105 & 106 Beside Muroor Opp. Ajman Univ Al Jurf,Ajman,06-7499766
Al Nahrain Specialty Medical Center,Clinic,601-605 Sky Tower Building Sheikh Khalifa Bin Zayed Road Nuaimiya,Ajman,06-744-9144
Al Nuaimia Medical Center (Sanaiya),Clinic,New Industrial Area Above Baghdad Supermarket Ajman,Ajman,06-7432292
Al Rukn Medical Center,Clinic,Ajman Bank Bldg. , Al Rashidiy Room 101-106 Al Zaheer Street Al Rashediya3,Ajman
Al Sanaiya Clinic (Sanaiya),Clinic,Al Jerf Above Metro Restaurant Opp Ajm Korea Factory,Ajman,06-7484078
Al Shrooq Polyclinic,Clinic,Al Karama Plazafloor 1Flat 104 Sheikh Rashid Bin Humaid Nuaim Bustan,Ajman,06-7455688
Alain Medical Center,Clinic,Alainsupermarketbuilding Al Nuimia Al Nuimia,Ajman,06-7406661
Aster Medical Center( Moopens) Ajman,Clinic,Opp Adnoc Petrol Station Sheikh Khalifa Bin Zayed Stree Nuaimiyah,Ajman,06-7314799
Aster Specialist Medical Center,Clinic,Al Manar Tower Sheikh Rashid Bin Humeed Strt Al Swan, Rashidia-3, Ajman
Aura Medical Center L.L.C,Clinic,Behind Ajman Jurf Jail Jurf 2 Industrail Area Ajman Jurf,Ajman,06-5265455
Eve Medical Center L.L.C,Clinic,Jasmin Building Opp New Immigration Office Al Jurf,Ajman,06-7498042
International Specialists Medical Centre,Clinic,Shafiq Building Kuwait Street Nuaimiyah,Ajman,06-7463400
Maple Medical Center Llc,Clinic,Al Salam Street  Rawda-3,Ajman,06-7481778
National Clinic (Sanaiya),Clinic,New Industrial Area Lucky Mart Bldg Near Lucky Roundabout,Ajman,06-7480780
Red Maple Medical Center Llc,Clinic,Al Jurf Ind.Area-3  Bahiya,Ajman,06-7481778
Right Health Clinic Jurf Llc,Clinic,Shopno1 Ext To Al Roayah Al Naqyah Gen Jurf Industrial Zone 2,Ajman,06-7494969
Seha Medical Center,Clinic,Emirate Bldg 101-103 Al Ittihad Street Al Nuamiya 1,Ajman,06-7404045
Abris Medical Center L.L.C.,Clinic,Meena Bazaar Building 29, 50B Street Bur Dubai,Dubai
Access Clinic - Dip (Aster),Clinic,Mezannine Floor, Unit No 2 & 3 Ramla Street Dip,Dubai
Access Clinic Al Quoz Br. (Aster),Clinic,Ground Flr Al Arif Bldg Near Uae Exchange Al Quoz 3,Dubai,04-3217544
Access Clinic Bur Dubai (Aster),Clinic,Souq Al Kabeer Next To Al Ghubaiba Bus Burdubai,Dubai,04-3527300
Access Clinic Dic Br Dm Healthcare Llc,Clinic,First Floor, Shop # 39 -42, Saih Shuaib 2
Access Clinic Dip 2 (Aster),Clinic,Shop 7 Grnd Flr Kadris Mall Majelan Al Madena Supermarket Dip 2 Jabel Ali,Dubai,04-8833028
Access Clinic International City (Aster),Clinic,I -11 Morroco Cluster International City ,Dubai,04-3606587
Access Clinic Jafza (Aster),Clinic,Food Court 3 Jafza ,Dubai,04-8806577
Access Clinic Persia Cluster (Aster),Clinic,Shop 10 Ground Persia N04 International City Persia Zone,Dubai,04-5520139
Access Clinic Sonapur (Aster),Clinic,Sameya Khalifa Mohd Alfuqaei 24Th Street Sonapur,Dubai,04-2510266
Access Clinic Sonapur 2 (Aster),Clinic,1St Fl Shop4,Dxb Municipality Near Al Qusais Bus Stn Muhaisina 2, Sonapur
Advanced Care Med Ctr (Advanced Grp),Clinic,Fakhruddin Bldg, Room 101 Industrial Area 3 Al Qouz,Dubai
Advanced Care Med Ctr Br(Advanced Grp),Clinic,Dip Phase 2 Jebel Ali ,Dubai,04-8850788
Advanced Care Medical Cente Jebel A,Clinic,Crown Mall Ground Floor Shop No 30 Jebal Ali Industrial Area 1,Dubai,04-3807807
Advanced Care Medical Center - Branch,Clinic,Shop Number : 4 & 5 Seihshoweb 4, Labour City 3,
Advanced Care Medical Center -(Branch),Clinic,Pasons Shopping Centre Buildin Irat Floor Alquoz 2,Dubai,04-2355200
Advanced Care Medical Center Branch,Clinic,Shaklan Hypermarket 2 Muhaisnah 2 Sonapur,Dubai,04-3807807
Advanced Care Medical Center Dip,Clinic,Alico Al Madina Hypermarket Street 44 Dubai Investment Park 1,Dubai,04-3463099
Al Amal Polyclinic,Clinic,Al Shamsi Opp.Emirates Nbd Bank  Satwa,Dubai,04-3329833
Al Azhar Clinic - Branch (Sanaiya),Clinic,Industrial Area 1 Jebel Ali Nr Madina Supermrkt,Dubai,04-8800545
Al Azhar Clinic - Branch 2 (Sanaiya),Clinic,Dubai Investment Park 2 Emirates Park Bldg Nr Parco Supermarket,Dubai,04-8895306
Al Azhar Clinic (Sanaiya),Clinic,Dubai Investment Park 1 Shop No 4, Ali Mesmar Bldg Behind Remco Supermarket,Dubai
Al Azhar Clinic 4 (Br Of Al Azhar Clinic,Clinic,Xpo Mall Near Madinat Hypermarket Jabel Ali Industrial-3,Dubai,06-7432292
Al Azhar Clinic Branch3,Clinic,Shop No 12 Nearvegetable And Fruit Market Ras Al Khor,Dubai,04-2230244
Al Falah Medical Clinic,Clinic,Abbasy Building Naif Deira,Dubai,04-2717223
Al Majid Clinic,Clinic,Next To Tara Hotel, Nad Furnit Al Maktoum Road Baniyas Square,Dubai
Al Murjan Medical Center,Clinic,102 Brashy Building, Near Scan 3Rd Interchange Sheikh Zayed Road,Dubai
Primacare Specialty Clinics Branch,Clinic,M Floor,Musalla Towr Khalid Bin Alwaleed Road Bur Dubai,Dubai
Al Quoz City Star Polyclinic,Clinic,Al Rostamani Building 1St Floor, Flat No.105 Al Quoz,Dubai
Al Rashidiya Private Polyclinic,Clinic,Rta Parking Bldg, Opp: Ambassador Hotel Al Falah Street, Bur Dubai
Al Sanaiya Medical Clinic - Br (Sanaiya),Clinic,Al Qouz 4 Al Gemzi Bldg Above Sahat Al Madina Suprmrkt,Dubai,04-3407548
Al Sanaiya Medical Clinic (Sanaiya),Clinic,Muhaisnah 2, Sonapur Grnd Flr Bel Rasheed Bldg Near Medical Fitness Centr,Dubai
Al Shaab Medical Centre (Aster),Clinic,Nearby Talal Supermarket 21 C Street, Al Shaab Colony Hor Anz,Dubai
Al Taif Medical Centre,Clinic,#104, Haji Mohammad Mubarak Bl Opp: West Hotel Naif Road, Deira
Anaya Medical Center,Clinic,Latifa Bint Hamdan St Flat 104, Farnek Bldg Behind Alkhail Mall, Al Quoz 3
Anaya Medical Center L.L.C (Branch),Clinic,Crystal Mall Jabel Ali Jabel Ali, Industrial Area 1,Dubai
Apple Clinic Fzco,Clinic,Shop No S6/S8 France Cluster France Cluster International City,Dubai,04-4227533
Apple International Polyclinic Llc,Clinic,Bldg-K14, G-Floor, Greece Cluster International City
Ashokan Medical Clinic,Clinic,302 Al Lootha Bldg Naif Road, Deira Dubai,Dubai
Aster Cedars Hospital Jebel Ali,Hospital,Dugas Road, Jebeel Ali - 1 Dugas Road, Jebeel Ali - 1 Jebal Ali
Aster Day Surgery Centre,Day Care,Al Raffa, Kuwait Street Kuwait Street Bur Dubai,Dubai
Aster Hospital - Al Qusais,Hospital,Opp Madina Mall 9A Street Alqusais,Dubai,04-3766818
Aster Hospital- Mankhool,Hospital,Bur Dubai Al Mankhool Al Rafa St, Near Sharaf Dg,Dubai
Aster Hospital Sonapur Llc,Hospital,Near To Access Clinic Algeria Street Muhaisnah,Dubai,04-4400500
Aster Jabal Ali Mc,Clinic,Near Nesto Supermarket Jebel Ali Industrial Area Jebel Ali Industrial Area,Dubai,04-8841161
Aster Medical Center - Ras Al Khor,Clinic,Shop No. 16-17 Gf Marhaba Mall Ras Al Khor Industrial Area 3,Dubai,04-3425354
Aster Medical Center Al Muhaisna,Clinic,Muhaisnah Plaza,Beirut St. Near Al Madeena Mall Al Muhaisnah,Dubai
Aster Medical Center Alqusais,Clinic,Aqu Building Near Dubai Airport Fz Metro St Al Qusais 1,Dubai,04-2632202
Aster Medical Centre Abu Hail,Clinic,Grnd Flr Sheikh Suhail Bldg. 24 Street Hor Al Anz,Dubai,04-2692785
Aster Medical Centre Oud Metha,Clinic,202 & 204 Sheikha Rajaa Majed Opp Al Futtaim Mosque Naif Road, Deira,Dubai
Aster Medical Centre Dubai Land,Clinic,Skycourts  Tower D Ground Floor, R 7B Wadi Al Safa - 5, Dubai Land
Badr Al Samaa Medical Center,Clinic,Near Burjuman,Oriental House 2 Bank Street Burjuman,Dubai
Biohealth Diagnostic Centre,X-Ray Laboratory,Zabeel Building Entrance 3 Room 107 Behind Karama Post Office,Dubai,04-3885828
Bluebell Medical Center,Clinic,Al Attar Business Centre Opp.Union Co-Operative Society Karama,Dubai,04-3426565
Bright Life Medical Center Llc,Clinic,Zabeel Catering Services Build Above Landmark Restaurant Dip2,Dubai,04-8833000
Care One Polyclinic,Clinic,Al Ramla Hyper Market Bldg. Gr  Dubai Investment Park 1,Dubai,04-8836656
Care Plus Med Ctr (Advanced Grp),Clinic,Awqaf Building Above Uae Excha Industrial Area 1 Industrial Area 1,Dubai,04-8829333
Clinicare (Imara),Clinic,Ahmed Plaza Building Opposite To Al Futtaim Mosque Naif Road, Deira,Dubai
Clinicare Samari (Imara),Clinic,Samari Retail Mall, Next To Samari Residence Oman/Hatta Road, Ras Al Khor
Community Medical Center,Clinic,174 Villa Mankhool Street Satwa,Dubai,04-3985328
Cosmopolitan Medical Center Dubai,Clinic,Abdukka Al Fahlani Building, M Fahidi Street Bur Dubai,Dubai
Doctors Clinic (Avivo),Clinic,Office # 2062Nd Floor, Al Owai Baniyas Road Baniyas Square,Dubai
Life Clinic Sheikh Zayed Road, Doha Pharmacy,Clinic,Al Attar Tower Sheikh Zayed Road Difc,Dubai
Dr Ismail Day Surgical Centre,Clinic,41 A Street,  Karama,Dubai
Dr Sunny Medical Centre,Clinic,Salem Mall Near Etisalat Tower Jebel Ali Industrial Area,Dubai,04-2529966
Dr. John Clinic (Imara),Clinic,Mozna Building, Near Al Nahda Station Doha Street, Al Nahda
Dr. Koyas Clinic-Aster,Clinic,Behind Naif Police Station Deira ,Dubai,04-2225854
Dr. Moopen'S Al Qouz Medical Ctr (Aster),Clinic,Grand Mall Grand Mall Alqouz 1,Dubai,04-3387871
Dr. Moopens M C Karama (Aster),Clinic,Ground Floor, Al Shorouq Build Zabeel Road Karama,Dubai
Dr.Ismail Medical Center Al Qouz,Clinic,Awqaf Building 1 Al Khail Gate Industrial Area 2,Dubai,04-3381550
Dr.Ismail Medical Center Al Qsais,Clinic,Al Awqaf Building 1 Sonapur Street Mohaisanah 2,Dubai,04-2646529
Dr.Ismail Medical Center Jebel Ali,Clinic,06-07-Discovery Grand 12 Build Zen Cluster3 Discovery Gardens,Dubai,04-4494087
Dr.Ismail Polyclinic,Clinic,Opp. New Sindh Punjab Restaura Lulu Hyber Market Street Karama,Dubai,04-3378585
Dr.Ismail Polyclinic-Branch, Jebal Ali,Clinic,Awqaf Building Near Grand Mini Mall Jebal Ali Ind-1,Dubai
Dr.Reena Beegum Clinic,Clinic,Omar Bin Al Khatab Bld Omar Bin Khatab Street Muteena,Dubai,04-2240060
Dr.Sanjay Medical Center,Clinic,Al Khail Mall Latifa Bint Hamdan Road Qouz 4,Dubai,04-3285999
Dulsco Medical Clinic Branch,Clinic,Souqno4Gateno2 Labor Village No 1 Dubai Industrial City,Dubai,04-4219354
Dulsco Medical Services,Clinic,Dulsco Village Premises Behind New Grand City Mall Quoz Industrial Area 4,Dubai,04-3232442
Falcon Medical Clinic,Clinic,Al Rustamani Bldg. Khalid Bin Waleed Rd Al Fahidi,Dubai,04-3554352
Globehealth General Clinic Llc(Ghg),Clinic,F.N.111 Emirates Islamic Bldg Al Diyafah Street Al Satwa,Dubai,04-8747450
Goodwill Clinic Llc,Clinic,Al Bateel Mall Talaal Plaza Hypermarket Jebal Ali 1,Dubai,04-8848777
Grand Infinity Medical Center,Clinic,Alqasserbuilding Madina Mall Muhaisina-4,Dubai,04-2515458
Grand Infinity Medical Center Llc Branch,Clinic,Shop 4 Next To Excelsior Hotel Muteena St Deira,Dubai,04-2621791
Gsm Medical Center,Clinic,Al Bada Al Muaded Building Al Mazrouei Al Satwa,Dubai,04-8831002
Hatta Hospital (Dha),Hospital,Hatta City Center New Sha'Biah Hatta,Dubai,04-2193000
Houston Medical Clinic L.L.C Branch,Clinic,No.101, 1St Floor Rna Resourse Bldg Al Quoz 3,Dubai
Houston Medical Clinic Llc,Clinic,Opp .Lulu Al Barsha Near Mall Of Emirates Al Barsha,Dubai,04-3850603
International Modern Hospital (Imh),Hospital,Opposite Emirates Petrol Stn N Sheik Rashid Street Mankhool,Dubai,04-3988888
Islamabad Medical Clinic L.L.C,Clinic,Residence 0943 Retail No 4 Hor Al Anz,Dubai,055-3358623
Janson Medical Center,Clinic,Mezanine Floor, Kassim Mohd. B Rafa Road Rafa,Bur Dubai
Karama Medical Center (Al Qouz)-Kmc,Clinic,1St Floor, Grand City Mall,Nea Marabea Road Qouz 4
Karama Medical Center (Dip)-Kmc,Clinic,1St Floor, The Parks Shopping Dip Dip,Dubai
Karama Medical Centre Br Burjuman,Clinic,Al Yateem Building Near Burjuman Metro Station Karama,Dubai,04-3533008
Karama Medical Centre Br. Jumeirah-Kmc,Clinic,Atlantis Staff Accomodation Am Khail Road Jumeirah Village,Dubai,04-4229867
Karama Medical Centre Br.Al Khail Gate,Clinic,New West Zone Mall Al Khail Gate Al Quoz,Dubai,04-4533584
Karama Medical Centre Br.Alquoz Mall-Kmc,Clinic,Al Quoz Mall Al Quoz ,Dubai,04-3388227
Karama Medical Centre Muhaisnah Br,Clinic,Blk 19, Jiwin Staff Accom Bldg Sonapur Muhaisna 2,Dubai
Karama Medical Clinic-Kmc,Clinic,306; F-3; Ibrahim Khalifa Buil Opp. Fish Market Karama,Bur Dubai,Dubai
Khalidha Medical Centre Llc,Clinic,103&104 1St Karachi Resto Bldg Al Khail Mall,Latifa Hamdan St Al Quoz 3,Dubai
Kims Medical Centre,Clinic,Al Dossari Building,G&Ist Flr Next To Abu Baker Al Siddique Salah Al Din Street,Hor Al Anz
Life Clinic Deira,Clinic,Shop 1 Wasl Trio Bldg. Block A Al Muraqqabat Deira,Dubai,04-3441122
Life Clinic Sheikh Zayed Road, New Doha Pharmacy,Clinic,Mezz. Flr White Swan Bldg. Trade Center Szr Trade Center 1,Dubai
Lifenity International Advanced-Al Nahda,Clinic,Jms Bldg. Shop 2 19A St. Al Nahda 2,Dubai,04-3216964
Lifenity International Advanced-Barsha,Clinic,Elite Business Center Shop 5 Opp. Lulu Al Barsha Al Barsha 1,Dubai,04-3216964
Live Care Clinic,Clinic,Shoppers Mall New Mini Parco-Shoppers Mall 13Th Street, Jebel Ali,Dubai
Lotus Medical Center Llc,Clinic,Al Rostamani Bldg Latifa Bin Hamdan Road Al Quoz 3,Dubai,04-3465380
Marhaba Medical Centre,Clinic,Mezzanine Floor, Bin Jash Buil Al Maktoum Hospital Road Deira,Dubai
Medeor 24X7 Hospital Llc,Dxb (Vps),Hospital,Burjuman Center Embassy District Umm Hurair - 1,Dubai
Mega Scan Centre,Laboratory,Atrium Centre,Mezzanine Floor Khalid Bin Waleed Street Burdubai,Dubai
Neuberg Diagnostics Middle East Llc,Laboratory,Mezzainine Floor Umm Qurirer B Zabeel Road Karama,Bur Dubai,Dubai
Muhaisna Specialist Medical Ctr (Avivo),Clinic,Sulthan Muhaisna Old Muhaisna 2 Old Muhaisna 2,Dubai,04-2644034
Multi Care Medical Center,Clinic,Alhghailgate Community Latifabinstreet Al Quoz Residential,Dubai,04-4245863
Life Clinic Jumeirah,Clinic,20 D Al Wasl Al Wasl Road Al Badaa,Dubai,04-3441122
Green City Medical Center LLC ,Clinic,Obroy Building Firstfloor,Alquoz Industrial Area4,Dubai
New Lotus Medical Center,Clinic,Al Qusais Bldg 1, Opp: Al Reef Damascus Street Qusais,Dubai
New Sanaiya Clinic - Br,Clinic,Inside Ak Mark Bldg. Dubai Investment Park Dubai Investment Park,Dubai,800-7400
New Sanaiya Clinic (Sanaiya),Clinic,Muhaisnah 2, Sonapur Gnd Flr Al Abaar Complex Nxt To Madina Supermarket,Dubai
New Sanaiya Clinic-Br Horalanz (Sanaiya),Clinic,Hor Al Anz Ali Mesmar Bldg Nr Emirates Driving Inst,Dubai,04-2681333
Noor Al Shefa Clinic,Clinic,1St Floor Jebel Ali Mall, Indu Zayed Ibn Sultan Street Jebel Ali,Dubai
Noor Al Shefa Clinic 3,Clinic,Jafza Mall Jafza South Jafza,Dubai,04-8817530
Noor Al Shefa Clinic Al Quoz Branch,Clinic,107, Al Ghurair Intl Exchange Al Quoz Industrial 3,Dubai
Noor Al Shefa Clinic Aweer,Clinic,Union Co-Op Society Ras Al Khor Aweer,Dubai,04-3886601
Noor Al Shefa Clinic Branch 4,Clinic,Meena Retail Building  Jafza West,Dubai,04-8844666
Paradise Plus Poly Clinic,Clinic,Ritaj Community Centre 1St F Alyalais Street Dubia Investment Park 2,Dubai,04-8848270
Primacare Speciality Clinics Llc (Avivo),Clinic,Musalla Tower And Mall Musalla Road Al Hamriya,Bur Dubai,Dubai
Primecorp Medical Center Al Qouz,Clinic,Mezzanine Flr Of Ibri House Sheikh Zayed Road Al Qouz Industrial Area 1,Dubai,04-7070999
Primecorp Medical Center Al Qusais,Clinic,Al Qusais Industrial Area 2 ,Dubai,04-7070999
Primecorp Medical Center Al Warsan,Clinic,Dubai Muncipality Labour Accomadation Al Warsan,Dubai,04-7070999
Primecorp Medical Center Deira,Clinic,Shk Saud Al Qassimi Bldg M Flr, Opposite Reef Mall Salahuddin,Dubai
Primecorp Medical Center Dip - Br,Clinic,Bldg33 Al Futtaim Accomodation Dubai Investment Park 2 Dip,Dubai,04-7070999
Primecorp Medical Center Dwc,Clinic,Dubai Aviation Engr Project Al Maktoum Int'L Airport Al Maktoum,Dubai,04-7070999
Primecorp Medical Center Llc Jabal Ali B,Clinic,Alec Camp 12 Jabal Ali Industrial  First G0 Jabal Ali,Dubai,04-7070999
Ruby Clinic (Sanaiya),Clinic,International City China Cluster H6 Grnd Flr Dragon Mart,Dubai,04-4226899
Saleem Polyclinic (Aster),Clinic,Al Morjana Plaza,112,1St Floor Satwa Road Satwa
Sekher Medical Clinic,Clinic,Near Old Grand Mall, Flat No-1 Madina Road Industrial Area 3,Dubai
Syed Sadiq General Practitioner Clinic,Clinic,Al Rostamani Building Lattifa Binhamdan Strt Alqouz Ind 3,Dubai,04-3306781
Toronto Medical Center Llc,Clinic,Flat 101 Al Adeem Bldg., Al Khail Mall Al Quoz,Dubai
Zahrat Al Shefa Medical Centre,Clinic,Al Ghaith Building Near Jubily Supermarket Muhaisnah,Dubai,04-2646218
Absolute Wellness Medical Centre,Clinic,Salman Ibrahim Bldg. Latifa Bin Hamdan St. Al Qouz 4,Dubai,04-3368101
Alahli Medical Centre Llc,Clinic,Hsbc Bank Building All 1St Floor Hamad Bin Abdull Fujairah,Fujairah,09-2220228
Aster Medical Center Fujairah Branch,Clinic,Hamad Bin Abdullah Street Hamad Bin Abdullah Street Town Centre,Fujairah,09-2234912
Emirates Medical Centre,Clinic,Nasser Ali Khammas Building Op Sheikh Zayed Bin Sultan Road Sheikh Zayed Bin Sultan Road,Fujairah,09-2233199
Lifecare Medical Center Dibba,Clinic,Near Federal Authority Identity And Citizenship Gurfa Dibba,Fujairah,09-2445722
Makkah Medical Center,Clinic,Barakt Building Eid Musallah : Mahhata,Fujairah,09-2225051
Al Shifa General Medical Clinic,Clinic,Ayahath Ali Saif Bldg Al Ghail Main Road Al Ghain Main Road,Ras Al Khaimah,07-2222167
Aster Medical Centre Rak Br. (Moopens),Clinic,Groun Flr Muntasir Bldg Muntasir Road Al Nakheel,Ras Al Khaimah,07-2338866
Marhaba Medical Center,Clinic,Gf 02 Nakheel Bldg. Near Al Hooth Supermarket Al Nakheel,Ras Al Khaimah,07-2364667
Retaj Medical Centre Llc,Clinic,United Insurance Building Sheikh Mohammed Bin Salem Rd Al Dhait,Ras Al Khaimah,07-2359818
Specialist'S Medical Centre,Clinic,Sheikh Mohammed Bin Salem Road Sheikh Mohammed Bin Salem Road Hamriya,Ras Al Khaimah,07-2332255
Alya Medical Center,Clinic,Adil Al Nuami Prop Lamp R/A Al Qasimi St. Al Quisaidat,Ras Al Khaimah,07-2441235
Access Al Rolla Medical Center (Aster),Clinic,Flat 1,2,3 Adnic Tower Ibrahim Mohamad Al Medfa'A Um Al Tarafa Rolla
Access Clinic Muwailiah (Aster),Clinic,Mubarak Building University Road Muwailiah,Sharjah,06-5359933
Al Afdal Medical Center,Clinic,Shop No 2&3 Al Tawoos Building Al Mahattah,Sharjah,06-5590007
Al Azhar Medical Clinic,Clinic,Sajjah Industrial Area  Sharjah,Sharjah,04-3791311
Al Banna Medical Centre,Clinic,Flat 211 Mirage Bldg Above City Exchange Industrial Area 3,Sharjah,06-5327228
Al Dunia Medical Centre Llc(Liberty),Clinic,Al Shamsi Building Third Industrial Street Industrial Area No-12,Sharjah,06-5546644
Al Durrah Radiology Center Llc,X-Ray Laboratory,First Floor Al Durrah Tower - Entifadah R Al Buhairah Chorniche,Sharjah,06-5569888
Al Furqan Medical Center,Clinic,Salem Saeed Omai Aljaberi Bldg M-2179 Floor 1 Industrial Area 11,Sharjah,06-5353868
Al Maliha Medical Centre,Clinic,Office # 201, 2Nd Floor Dhaid, Dhaid Main Street Dhaid
Al Nahda Medical Center(Liberty),Clinic,Al Daghaya  Tower Bukhara Street No13 Al Nahda,Sharjah,06-5384466
Al Rabee Clinic (Liberty),Clinic,Baghlaf Al Zafer Building Near Sharjah College Signal Al Khan Street,Sharjah,06-5391222
Al Rahah Medical Centre Llc,Clinic,Ind Area @, Sharjah  Ind. Area,Sharjah
Al Siddiq Clinic,Clinic,Mohamed Sultan Building, Floor Al Dhaid Main Road Al Dhaid,Sharjah
Al Yamamah Medical Centre,Clinic,1St Flr Enpi Bldg Near Bin Ladin Signal Dubai Rd Industrial Area 10,Sharjah,06-5352160
Al Zeyarat Medical Centre Llc,Clinic,Villa 205 Sheikh Zayed Street Samnan,Sharjah,06-5668966
Aster Abu Shagharah Medical Center,Clinic,Grnd Flr Aster Bldg. Near Abu Shagara Park Abu Shagara,Sharjah,06-5568225
Aster Al Butina Medical Center,Clinic,Shaikh Majid Bin Saud Bldg Al Sharq St No. 103 Al Butina,Sharjah,06-5619045
Aster Al Nahda Medical Center - 1,Clinic,Al Shaiba Building Ground Floor, Opp. Carrefour E Al Nahda,Sharjah
Central Hospital,Hospital,Clock Tower, Zahra Square, Nea Sheikh Zayed Street Maysaloon
Class Medical Centre,Clinic,Al Saud Tower, Opp: Sharjah Ro Al Arouba Street Gulf Square,Sharjah
Dar Al Salam Medical Center Llc,Clinic,Al Mubarak Hypermarket Buildin Sharjah Industrial Area 3 Sharjah,Sharjah,06-5213535
Dr. Sanjay Medical Centre,Clinic,201, Opp. Lulu Centre, Al Muba Al Sharq Street Al Naba'Ah
First Gulf Medical Center (Advanced Grp),Clinic,Advanced Care Group Al Reem Bldg Maliha Roud Shj-Kalba Roud,Sharjah,06-5347573
Ideal Medical Centre,Clinic,Flat 102,104,106 (Jw Bldg.) Al Arouba Street Al Rolla
Liberty Medical Center,Clinic,Shop# 2, Nayeli-3 Bldg King Abdul Aziz Street Abu Shaghara,Sharjah
Life Way Specialized Medical Centre,Clinic,First Floor, 105 Opp Ansar Ml Al Mamzar,Sharjah
Mampilly Medical Centre,Clinic,Sheikh Faizal Building, 3Rd Fl Al Arouba Street Um Altaraffa,Sharjah
Peshawar Medical Centre,Clinic,Rolla Mall 309,309,310 3Rd Floor Rolla
Primecorp Medical Center Shj 1,Clinic,Shop 1 Al Roda Towe 2 Makala St Al Nahda,Sharjah,04-7070999
Reem Al Nahda Med Diagnostic Ctr (Avivo),Clinic,Al Nahda Next To Al Nahda Park ,Sharjah,06-5304864
Reem Medical Diagnostic Center (Avivo),Clinic,Old Uae Exchange Building Al Arouba Street Al Ghuwair,Sharjah,06-5620831
Reem Specialist Medical Centre (Avivo),Clinic,Old Uae Exchange Building Al Arouba Street Al Ghuwair,Sharjah,06-5625422
Regal Medical Centre,Clinic,Alwadibuilding Near National Paints Kalba Road,Sharjah,06-5354175
Siyad Specialist Medical Center,Clinic,Shop 1 Al Wadi Bldg Maliha Road Muwaileh Commercial,Sharjah,06-5358305
Dr. Sunny Medical Centre Llc,Clinic,Shop No 1 Next To Nissan Showroom King Faisal Road,Umm Al Quwain,06-7666933
Yasmed Medical Center Uaq,Clinic,Yasmed Bldg. Hot Pack R/A New Industrial Area,Umm Al Quwain,06-5299064
Life Clinic Al Jaddaf,Clinic,Retail 1 Riah Tower Culture Village Al Jadaf,Dubai,04-3441122
Life Clinic International City Spain Cluster,Clinic,Shop 22-24 S6 Bldg. Spain Cluster International City,Dubai,04-3441122
Life Clinic Satwa,Clinic,Manila Bldg. Al Hudaibah Road Al Badaa,Dubai,04-3441122
Life Clinic Jlt, J Cluster,Clinic,J2 Tower Cluster J Jumeirah Lake Towers,Dubai
Rals Healthcare Deira,Clinic,Flat No. 5 Building No. 14 Opp Maktoum Hospit Street Deira,Dubai,04-2246364
Royal Saba Medical Clinic,Clinic,Shop 10 Gf Greece Cluster L02 International City,Dubai,04-5807092
Rals Healthcare Qusais,Clinic,Office # 2021, 2Nd Floor, Sunr Damascus Street Quasis 2
Al Nahrain Medical Center 1,Clinic,U Shop Sheik Maktoum Bin Rash St Al Helio 2,Ajman,06-7484778
Dr Ismail Polyclinic Gate Mall Branch,Clinic,Shop 22 M Jebel Ali Gate Mall Jebel Ali Industrial 1,Dubai,04-3474537
Life Clinic Al Qusais,Clinic,Al Huraiz Building Near Icare Clinic Damascus Street,Dubai,04-3441122
Life Clinic Al Warqa,Clinic,Unit 1 Old Home Needs Sm Al Warqa Dubai,Dubai,04-3441122
Life Clinic Bur Dubai,Clinic,Near To Ramada Hotel Khalid Bin Waleed Rd 7 St Al Mankool,Dubai,04-3441122
Life Clinic Marina,Clinic,Shop No 9 Marina Pearl Bldg Dubai Marina,Dubai,04-3441122
Life Clinic Al Barsha,Clinic,The Manhattan Al Barsha South ,Dubai,04-3441122
Thumbay Hospital Fujairah,Hospital,Next to Fujairah Stadium Football Club,Fujairah,09-2244233
Access Al Sajaa Clinic,Clinic,Shop 25-26 Al Sajaa Mall Al Sajah Industrial Area Al Sajaa,Sharjah,06-7678795
Noor Al Shifa Medical Center Llc,Clinic,Metro Building Near Al Talal Supermarket Jurf,Ajman,06-5234870
Aster Medical Center Br Uaq,Clinic,Al Masa-2 Building Ground Floor King Faisal Street Green Belt ,Umm Al Quwain,06-5770288
Happy Way Medical Center,Clinic,3rd Floor Residence 7 Building Opp KM Trading Al Rolla Street,Sharjah,06-5300540
Life Clinic Blue Waters,Clinic,Unit R 18 Ground Floor Bluewaters Residence 8 Marsa Marina,Dubai,04-3441122
Life Clinic Dubai Marina,Clinic,Shop No 3 Elite Residence Dubai Marina,Dubai,04-3441122
Yas Medical Center,Clinic ,First Class Building Sajah Industrial Area,Sharjah,054-7029616
Yugen Care By Dr Gehad,Day Care,Full 2 Story Bldg. Opp. Sunset Mall Jumeirah Road Jumeirah 3,Dubai,04-3498000
Life Pharmacy 25 Express Clinic,Clinic,Unit  6 To 12, Ajsm Investment Building Karama,Dubai
Care Medical Centre,Clinic,Nwaem Centre Bldg of Medicina Pharmacy Wasit Street Shahaba,Sharjah,04-2617175
Thumbay Hospital Ajman,Hospital,Near United Arab Bank Sheikh Jaber Shabah St. Al Nuamiya1,Ajman,06-7463333
Golden Health Medical Center,Clinic,Al Salam Living City Hameem Road Al Salam Living City,Abu Dhabi,02-5855552
Marina Medical Center,Clinic,Mezzanine Floor, Al Soor Build Ibrahim Mohd Al Medfa Street Above Lifeline Ph,Al Soor Area
Oxford Medical Center,Clinic,Ground Floor Al Sharafi Building Al Rolla Rd Al Raffa,Dubai,04-3925070
Right Health Clinic Jurf2 Llc,Clinic,Shop No 2 Jurf Industrial Zone 2 Ajman,Ajman,06-7404141
Tabibak Medical Clinic ,Clinic,SMG Habshan Camp Al Dhafra Area,Abu Dhabi,02-6225566
Care Blue Clinic FZCO,Clinic,Near Gate No 7 New West Camp Jafza,Dubai,04- 2830080
Lifeguard General Clinic,Clinic,Suhail Saleem Saed Building Shop Num-8 Jebal Ali Industrial Area,Dubai,056-1619127
Medlite Medical Centre,Clinic,Shop 5 & 6 Riviera Dreams Bldg International City,Dubai,04-4585859
Bettercare Medical Center Llc,Clinic,Groundfloor Morroco Cluster, J7, S1
Specialist'S Medical Centre,Clinic,Sheikh Mohammed Bin Salem Road Sheikh Mohammed Bin Salem Road Hamriya,Ras Al Khaimah,07-2332255
High Life Medical Center,Clinic,Abdullahbinbldg Flat No. 202  Niyadat,Al Ain,04-3441122
Gems Medical Clinic-Llc,Clinic,Flat No.8, Shk Mohd Al Shamsi Murabbah, Town Center Al Ain
Hope Medical Center,Clinic,Gcc New Offfice Gf Near Al Jaber Labor Camp Mafraq Worker City 1,Abu Dhabi,04-3441122
Abeer Al Noor Poly Clinic Llc-Deira,Clinic,Afra Al Shaikh Majren Building Behind Al Futtaim Masjid Deira,Dubai,04-3441122
Abeer Al Noor Poly Clinic Llc-Muhaisina,Clinic,Musthafa Mall ,Suite No.6 & 31 Same Building Of Grand Hyperma Muhaisnah -2,Dubai
Abeer  Al Noor Polyclinic,Clinic,Bu Hussain Building. Doha Road. Qusais,Dubai,04-3441122
Al Barshaalnoor Polyclinic L.L.C,Clinic,Elite Business Center Floor Infront Of Lulu Centre Al Barsha,Dubai,04-3441122
Al Rashidiya Al Noor Polyclinic (24 hrs availability),Clinic,Al Noor Polyclinic Building, B Bin Sougath Centre Street Al Rashidiya,Dubai
Sabah Al Noor Medical Centre,Clinic,Jumbo Sony Building, Mezzanine King Faisal Street Abu Shaghara,Sharjah
Prime Care Medical Center Llc,Clinic,Nearby Emirates Identity Autho M/4 Plot No. 11 Musaffah Industrial Area,Abu Dhabi,04-3441122
Al Ahli Hosp Company LLC -BR 1 ( Ahalia),Hospital,After The BMW Showroom Tariff Road Sanaya Mussafah,Abu Dhabi,02-8119119
Advanced Care Oncology Center Llc,Day Care,Al Furjan Jebal Ali Jebal Ali1,Dubai,04-5656300
Thumbay University Hospital Complex,Hospital,Thumbay Medical City University St Al Jurf,Ajman,06-770555
Accuracy Plus Medical Laboratory,Laboratory,Aster Pharmacy Bldg.  M02 Hamdan Street Al Danah,Abu Dhabi,02-6333923
Al Farhan Medical Center,Clinic,Abdullah Misbah Al Ameri Old Taxi Stand And Zenith Supe Baniyas West,Abu Dhabi,02-5832998
Al Wahda Medical Center,Clinic,Maryam Pharmacy Building Hazaa Bin Zayed Streetdefence Defence Road,Abu Dhabi,02-6418383
Advanced Care Medical Center LLC Branch ,Clinic ,Shop No 3 Damascus Street Al Qusais,Dubai,04-3709357
Golden Health Medical Center LLC Br ,Clinic ,Al Sidra Village Al Bihouth Hameen Worker City Salem City ,Abu Dhabi,04-3335502
Al Borg Diagnostic Centre For Lab,Laboratory,Mezzanine -01 Shawarmatime Building Fatima Bint Mubarak St,Abu Dhabi,800-252674
Right Choice Medical Center,Clinic,Ight Choice Medical Centre Bdn Musaffah Sanaya 10 Near Alya Supermarket,Abu Dhabi,02-4917600
Al Qabail Medical Centre L.L.C,Clinic,Al Jimi Workers Village  Ground Floor Musaffah ,Abu Dhabi,02-5575531
Al Kamal Medical Center,Clinic,Near Sheraton Hotel ,Near Gran Electra Street Electra Street,Abu Dhabi
Bab Al Madina Medical Centre,Clinic,Ground Flr,  Moosa Al Ajban Building Mussafah 26,Abu Dhabi
Liwa Medical Centre L.L.C,Clinic,Flat No-6, Building No-1 Meziarah Al Dhafra,Abu Dhabi
Al Zahrawi Hospital,Hospital,Ground Floor, Gulf Concrete Bu Rams Road Seer,Ras Al Khaimah
Lifecare Clinic Br 3,Clinic,Block G  Gf 19A Tasameem Workers City Mussafah West 5,Abu Dhabi,02-5503034
Lifecare Clinic L.L.C,Clinic,Magenta Pearl Village Al Mafraq Workers City 2 Al Mafraq,Abu Dhabi,02-5824916
Lifecare Clinic  L.L.C. - Branch,Clinic,Mountain Gate Property Investm Al Mafraq Workers City Baniyas,Abu Dhabi,02-5833277
Lifecare Medical Center L.L.C.,Clinic,Grnd Floor Razeen Camp Al Watba-Al Mafraq,Abu Dhabi,02-5826812
Al Faiez Medical Center-Shams Grp,Clinic,Howaidhen Building, Floor 1, F Hatta Road Al Madam
Al Kanary Medical Centre-Shams Group,Clinic,Ground & Mezzanine Floor, Fath Maliha Road Muwaileh Commercial,Sharjah
Sukoon Insurance Medical Network is not static and can be subject to change and/or update when required.,,,,
Aster Clinics - for GP services only,,,,
* For  Vital Eco Network only - Dental access is published in respective individual Network lists,,,,
Al Sadiq Pharmacy (Julphar Grp Of Phy),Building 54 Nr Al Noor Hosp,Nm Main Mussafah Bridge Musaffah,Abu Dhabi,02-5530036
Aster Pharmacies Group Llc - Br Of Auh 4,Grnd Flr Bodebis Bldg Deyyar, Defense Road Abu Dhabi,Abu Dhabi,02-4478482
Aster Pharmacies Grp - Br Of Auh 1,Grnd Flr Al Hamed Bldg. Behind Jumbo Electronics Al Falah Sts,Blue Diamond Area,Abu Dhabi,02-6437625
Aster Pharmacies Grp - Br Of Auh 2,Shop2 Grnd Flr Unt 259081 Behind Al Muhairy Centre Dar Al Thalmiya, Khalidiya,Abu Dhabi,02-6280582
Aster Pharmacy Br Auh 8,Canon Building, Next To Cbi Bank Electra St,Abu Dhabi,02-6711831
Elite Modern Pharmacy- Julphar Grp Of Ph,Al Sager Building, Nr. Carrefour  Sh Rashid Bin Saeed Maktoom Street Sh Rashid Bin Saeed Maktoom St,Abu Dhabi,02-4494209
Health First Pharmacy Br 10 Auh-Julphar,Npcc Bldg, Mussafah West 5 Section No.15 A Mussafah St,Abu Dhabi,02-5588006
Health First Pharmacy Br 13-Julphar,Shop # 417 Deerfield Mall Albahia St, Abu Dhabi,Abu Dhabi,02-5631801
Health First Pharmacy Br 17-Julphar,Shop # G12 Opp Almaya Supermarket Village Centre 1, 3B Al Falah,Abu Dhabi,02-5854583
Health First Pharmacy Br 18-Julphar,Al Rahba Hospital Ground Floor Al Shahama, Al Rahba,Abu Dhabi,02-5643948
Life Pharmacy Llc Branch 42,Shop 2, Adnoc Service Stn Officer City 950 Rabdan,Abu Dhabi,04-3441122
Modern Dar Al Shifa Pharmacy Mus (Aster),Moopens Polyclinic Building , Industriarea 9 Industriarea 9,Abu Dhabi,02-5557939
Natural Life Pharmacy Llc-Life,Dalma Mall, Second Floor Abu Dhabi Abu Dhabi,Abu Dhabi,02-5535528
Life Pharmacy Br 15,Shop No: 01, 02, & 03, C10 Building
Life Pharmacy Br 57,Shop No#4,C15,Al Zahiya,Tourist Club
Life Pharmacy Br 32,C-20 Building (Middle East Optical Building), Navy Gate Area,Abu Dhabi,04-3441122
Life Pharmacy Br 51,C88 Building, Aradah Street, Al Nahyan,Abu Dhabi
Life Pharmacy Br 33,C172 Building ( P/1236 Adcp),Shop No 7&8,Me 9 Mussafah,Abu Dhabi
Life Pharmacy Br 24,Shop No 1,Plot C161,Sector Me-9,Abdulla Ali Yateem Bilding
Life Pharmacy Br Baniyas Tower,Shop No 1 ,Baniyas Tower,  Khalidiya Area,Abu Dhabi
Life Pharmacy Br 49,Shop No: 07, Abu Dhabi Cooperative Society, Spar,Abu Dhabi
Al Sanaiya Pharmacy,Shop No 8 & 9, Ground Floor Sheikh Ammar Bin Humaid Street Jurf,Ajman,04-3335502
Aster Pharmacy 154,Al Aqar Tower 3 Shop No -27, Rumaila-3 Ajman Corniche,Ajman,06-7314840
Aster Pharmacy 159,Shop No.5, Al Manar Tower, Opposite Hyundai Showroom Corniche Road,Rashediya
Aster Pharmacy163 Br Of Aster Pharmacies,Shop No.7, Nesto Hypermarket Al Imam Al Shafee Street Hamidiya 1,Ajman,06-5461822
Hala Pharmacy Llc - Branch 50,Plot No: 1133 Marwa Building, Rawda 2 Southern Sector, Al Zahra,Ajman
Life Pharmacy Llc Branch 62,Shop No; 1, 2 & 4, Al Aryam Tower Plot No: 0191, Nueimia
Medicom Ph 18 (Al Alam Phar)(Aster),Safeer Mall,  Nuaimiyah,Ajman,06-7461356
Golden Life Pharmacy-Life,Shop G578, Ground Floor, Al Ain Mall Al Ain,Al Ain
Health First Pharmacy Br 14-Julphar,Shop # F14, 1St Floor Barari Outlet Mall Zayed Bin Sultan St,Al Ain,03-7611163
Life Pharmacy Br 61,Shop No: 01, Mubarak Al Khaily Al Hawash Building, Town Center,Al Ain
Abris Pharmacy Llc,Souq Al Kabeer Building,Cosmos 50 B Street Al Fahidi,Dubai,04-3535357
Access Pharmacy 2 (Aster),Access Clinic Bldg Near To Bus Station Muhaisna 2, Sonapur,Dubai,04-2672946
Al Ehsan Pharmacy (Aster),Al Shab Colony Salah El Deen Road Abu Hail,Deira,Dubai,04-2975986
Al Faisal Pharmacy-Aster Grp,Choitram Complex Wasl Road Umm Sequim 2,Bur Dubai,Dubai,04-3485102
Al Juma Pharmacy (Aster),Nr. Golden Fork Rest, Nr. Al R Opp. Old Lulu Supermarket Karama,Bur Dubai,Dubai
Al Kanz Pharmacy L.L.C-Life,Near United Hypermarket Abu Baker Sidq Road Muraqqabat,Deira,Dubai,04-2690684
Al Qoze Pharmacy (Aster),Nr Khaleefa Supermrkt Ubaid Bi Najma Street Qouz,Bur Dubai,Dubai,04-3384401
Al Sanaiya Pharmacy (Sanaiya),Muhaisnah 2, Sonapur Bin Rashid Bldg Near Medical Fitness Center,Dubai,04-2543500
Al Shindagha Pharmacy (Aster),Carrerfour Shindagha Road Shindagha,Bur Dubai,Dubai,04-3933889
Amber Clinic Llc Community (Outpatient),2Nd Floor, Amber Clinic Al Rigga Business Center Al Rigga,Dubai,04-2325109
Asma Pharmacy (Aster),Opp Souq Al Wasl Gate Number 8 Naif Road Naif,Deira,Dubai,04-2222786
Aster Al Hayat Pharmacy,Easa Saleh Al Gurg Building Near Adil Supermarket,Rolla St Bur Dubai,Dubai,04-3552633
Aster Grand Ph - Aster(Moopens),Opp. Nmc Hospital Aman St., Ab Plaza Bldg 9, Gro Nahda 1,Dubai
Aster Jbr Ph-Aster(Moopens),P42, Sadaf4, Near Movenpick The Walk Jumirah Beach The Walk Jumirah Beach,Dubai
Aster Medical Center Pharmacy Al Muhaisn,Shop No1, Zaraa Residence 1 Muhaisnah 4 Lulu Village,Dubai,04-5479070
Aster Pharmacy 101,Aqu Bldg Sheikh Colony St., Al Qusais 1,Dubai,04-2382342
Aster Pharmacy 104 (Br Of Aster Pharmaci,Shop No.1 , Hanbal Shafie Al M Near Aster Ortho Clinic Al Warqa,Dubai,04-2829440
Aster Pharmacy 109,Grnd Flr Ghuroob Community Near To Dubai Geant Supermarkt Al Ghuroob, Mirdiff,Dubai,04-4582727
Aster Pharmacy 114 (Moopens),Aswaq Mall Aswaq Mall, Barsha South 1 Al Barsha,Dubai,04-3851455
Aster Pharmacy 117 (Moopens),Al Melaheyah Plaza Building , Nesto Hypermarket ,Al Mina ,Dubai
Aster Pharmacy 118 (Moopens),Obs Bldg Near To Nmc Hospital Amman Road, Al Nahda,Dubai,04-2393397
Aster Pharmacy 119 (Moopens),Enoc 1086 Shop No. 7, Meadows Emirates Hills 3,Dubai,04-2672946
Aster Pharmacy 123 (Moopens),Al Ghurair Real Estate Bldg Near Dubai Palm Hotel Al Muteena Street, Deira,Dubai,04-2731282
Aster Pharmacy 127 (Moopens),Royal Oceanic 1 Near Le Meridien, Marsa Dubai Dubai Marina,Dubai,04-2672946
Aster Pharmacy 128 (Moopens),Shop 1, New Enoc Umm Suqeim Street Al Barsha,Dubai,04-4405945
Aster Pharmacy 130 (Moopens),Duja Tower, Trade Centre First Next Sheraton Grand Hotel Sheikh Zayed Road,Dubai,04-3866768
Aster Pharmacy 132 (Moopens),Sheikh Suhail Bldg Mamzar Centre Hor Al Anz East, Abu Hail,Dubai,04-2692835
Aster Pharmacy 136,Shop No Ffa01, Al Khail Mall, Latifat Bin Hamdan Street, Ind Al Qouz
Aster Pharmacy 138 (Aster),Ground Flr, Aljabar Bldg Near Sunrise Supermarket Al Karama,Dubai,04-3377329
Aster Pharmacy 141 (Aster),Shop No 021, Grnd Floor Dubai Festival City Mall Dubai,Dubai,04-2365418
Aster Pharmacy 143,The Ribbon Building 2 Plot 94-0, Al Hebiah First Motor City,Dubai,04-4430474
Aster Pharmacy 146 (Aster),Shop 32 Souk Al Kabeer Bldg Nr Ghubaiba Bus Station Shindagha, Bur Dubai,Dubai,04-3271059
Aster Pharmacy 148,Shop# 5, Jamal Omar Bin Hyder Bldg, 4B Street, Karama Sheikh Khalifa Bin Zayed Rd
Aster Pharmacy 149,Al Wasl Building Behind Lulu Hypermarket Karama, Bur Dubai,Dubai,04-3969469
Aster Pharmacy 150 Brof Aster Pharmacies,Grnd Flr, Pinnacle Tower Marsa,Dubai,04-3019616
Aster Pharmacy 152,Commercial Center Near Access Clinic Jafza Jafza South, Jebel Ali,Dubai,04-8809102
Aster Pharmacy 156 (Br Of Aster Pharmaci,Shop No. 6, Sapphire Mall Dubai Industrial City Near Al Maktm It Airport,Dubai,04-5877191
Aster Pharmacy 160 (Br Of Aster Pharmaci,Unit No:M11, Jabal Ali Shoppin Near To Ramla Market, 86 Stret Dip,Dubai
Aster Pharmacy 2 Br,Unit No 4&5, Ground Floor Dubai Investment Park ,Dubai,04-8858044
Aster Pharmacy 200 (Aster),Bldg No. 241-487 Grnd Floor Opp Led World Amman Street, Al Qusais,Dubai,04-2362839
Aster Pharmacy 201,Shop No3, Al Manal Tower Next To Crown Plaza Hotel Sheikh Zayed Road,Dubai,04-3209481
Aster Pharmacy 202,Bin Sougat Center Near Metro Station, Airport Rd, Al Rashidiya,Dubai
Aster Pharmacy 204,Al Qusais Building Near Grand Hotel Damascus St, Al Qusais,Dubai,04-2203889
Aster Pharmacy 5 Br,Shop No 02, Cbd 29 Al Warsan 1St St International City,Dubai,04-4473169
Aweer Society Pharmacy-Aster Grp,Union Co-Op Building, Near Fru Ras Al Khor Aweer,Dubai,04-3201900
Badr Al Samaa Pharmacy,Near Barclays Bank Abu Baker Siddique Street, Ban Abu Baker Siddique Street,Dubai,04-3578681
Barsha Rose Gardens Pharmacy-Life,Shop#1, Rose Gardens Hotel Apartment Bldg Al Barsha 1,,Dubai
Bay Square Pharmacy Llc-Life,Unit G-03, Bldg # Bb11 Next To Choitram Supermarket, Bay Square, Dubai
Bin Sina Emirates Pharmacy,Mall Of Emirates Sheikh Zayed Road Barsha 1,Bur Dubai,Dubai,04-3410345
Binsina-Emirates Tower,Shop 52, First Floor,  Trade Center 2,Dubai
Binsina-I-Rise Tower,Shop No. 2 I- Rise Tower, Al Barsha Heights,Dubai,800-2467462
C C S Life Pharmacy Br Of Life Pharmacy,Unit No. 2 Shindagha City Centre Bur Dubai,,Dubai,04-3441122
City Life Pharmacy Llc-Life,Shop #2, City Tower 1, Near To Crown Plaza Sheikh Zayed Road,Dubai
Deira Life Pharmacy Llc-Life,Shop #2, State 1 Bldg, Alrigga Deira Dubai,Dubai
Dragon Pharmacy - Aster Grp,Dragon Mart Inside Dragon Mart, Ban 05-06 Aweer,Dubai,04-3687409
Dream Pharmacy-Life,Nr. Jlt Metro Station Dream Tower, Al Maya Supermarket Dubai Marina,Dubai,04-4227844
Extra Life Pharmacy Llc-Life,Nr. Choithram And Carrefour Ewan Residence, Extra Souq, Shop #2 Dubai Investment Park,Dubai
Grand Royal Pharmacy-Life,Al Jamal Building,Opp. Ibrahim Khalil Masjid Rolla Street Rolla Street,Dubai,04-3593445
Hafsa Pharmacy,06-07,Zen Cluster 3 Discovery Gardens Discovery Gardens,Dubai,04-4377548
Hala Pharmacy 14-Life,Shop #1, Marina Diamond 5, Dubai Marina Dubai,Dubai
Hala Pharmacy 19-Life,S-16, P 17 Bldg France Cluster, International City, Dubai
Hala Pharmacy Br 13-Life,S-6 Building, Spain Cluster International City,Dubai,04-4307562
Hala Pharmacy Br Of Life Pharmacy Llc,Shops Nos. 13 & 14,Gr Floor Waters Edge Damac Maison Canal Business Bay,Dubai,04-3441122
Hamriya Life Pharmacy Llc-Life,Ground Floor, Union Coop Hamriya Shopping Center Deira Hor Al Anz,Dubai,04-3205128
Health First Pharmacy 1 (Julphar),Tamim House Bldg Tecom Al Barsha, Bur Dubai,Dubai,04-4377533
Health First Pharmacy 11 (Julphar),Bldg 3, Bay Square Al Asayel Street Business Bay,Dubai,04-4560100
Health First Pharmacy 25-Julphar,Shop # S6, Ground Floor Souq Extra Barsha Next To Barsha Park 3,Dubai,04-7016008
Health First Pharmacy 33 (Julphar),Shop G/A7, Al Kifaf Residential Bldg Al Karama,Dubai,04-3963068
Health First Pharmacy 34-Julphar,Shop # 3, Ground Floor Ibrahim Bin Abdulrahim Qassem Bldg, Musalla Road,Dubai
Health First Pharmacy 35-Julphar,Shop # 3, Ground Floor Bin Kalaib Bldg, Al Barsha 1 Near The Stables Rent A Car,Dubai
Health First Pharmacy 37 (Julphar),Mediterranean Bldg Canal Residence West Hessa St, Dubai Sports City,Dubai,04-3606023
Health First Pharmacy 38 (Julphar),Shop No:4&5, Saleh Ben Lahej Near Lamcy Plaza, Oud Metha,Dubai
Health First Pharmacy 39 (Julphar),Shop No:4, Maryam Amana Bldg, Near Danat Al Khair Cafeteria Hor Al Anz,Dubai
Health First Pharmacy 40-Julphar,Shop # 10 & 11,  Ground Floor Al Badri 17A, Al Quoz 4 Near Eros Labour Camp,Dubai
Health First Pharmacy 41 (Julphar),Shop No:6, Uptown Mirdiff Mall Near Ningxia Chinese Restauran Algeria Street,Dubai,04-2882296
Health First Pharmacy 42-Julphar,Shop # 2, Ground Floor Al Sheebani Bdlg, Dubai Marina Near Choitram,Dubai
Health First Pharmacy 45 (Julphar),Shop 4, Al Rawba Bldg, Opp: Lulu, Halim Street Al Barsha
Health First Pharmacy 47-Julphar,Shop # S03, Ground Floor Hadia Tower, 11Th St Al Barsha 1, Barsha
Health First Pharmacy 48 (Julphar),Shop 5, Opp: Spinney'S Jumeirah 1 Jumeirah,Dubai,04-3430616
Health First Pharmacy 52 (Julphar),White Crown Bldg, Near Kfc Sheikh Zayed Street 34,Dubai,04-3253056
Health First Pharmacy 5-Julphar,Unit 4, Skycourt Towers D Medi Centres Polyclinic Motor City,Dubai,04-3620858
Health First Pharmacy 7-Julphar,Shop # G02, Ground Floor Sama Tower 2, Cluster Q Jumeirah Lake Towers,Dubai
Health First Pharmacy 8-Julphar,Shop # 8, Behind Bowling Centr Souq Extra Al Quoz Al Quoz 1,Dubai,04-7016008
Health Point Pharmacy Llc,Unit No. 2 & 3 Chaimaa Premiere, Jvc Al Barsha South Fourth,Dubai,04-3441122
Ibn Al Azwar Pharmacy (Aster),Rashid Salim Magdy Buld ,Near Ras Al Khor 1 Aweer,Dubai,04-3933033
Iqra Pharmacy Llc (Aster),Moopens Polyclinic Building Op Naif Road Naif,Deira,Dubai,04-2289164
Jadaf Life Pharmacy Br Of Life Pharmacy,Retail#1 Riah Towers, Culture Village Al Jeddaf,Dubai,04-3441122
Jansons Pharmacy Musalla Grp,Khyber Bldg Al Raffah Police Station, Al Souq Al Kabeer.Bur Dubai,Dubai,04-3514118
Jbr Bahar Pharmacy-Life,Shop P25,Bahar Tower4, Near To Al Maya Supermarket,Bahar Cluster Jumeirah Beach Road Jbr
Jbr Life Pharmacy 2 Br Of Life Pharmacy,Shop No 2406 Ground Floor The Beach, Jbr,Dubai,04-3441122
Jbr Murjan Pharmacy-Life,Shop P57,Murjan Tower 2 Jumeirah Beach Road Jbr,Dubai,04-4517202
Jbr Sedaf Pharmacy-Life,Sadaf Cluster,Shop P32,Sadaf T Jumeirah Beach Road Jbr,Dubai
Jbr Shams Pharmacy-Life,Shams Cluster,Shop P24,Shams Tower 1 Near Al Maya Super Market Jumeirah Beach Road Jbr,Dubai
Jvc Life Pharmacy Llc-Life,Shop# Gs3,Opposite To Bluemart Supermarket, Emirates Garden Ii-Mulberry, Jvc
Karama Life Pharmacy Br-Life,Shop No. 1 & 2, Al Karama Building Karama,Dubai,04-3450875
Khalidha Pharmacy Llc,Shop 1 Karachi Resto Bldg Al Khail Mall,Latifa Hamdan St Al Quoz 3,Dubai,04-3952885
Kims Pharmacy Llc,Al Dossari Building Next To Abu Baker Al Siddique Salah Al Din Street,Hor Al Anz,Dubai,04-2209434
Lamcy Pharmacy-Aster,Ground Floor Lamcy Plaza Oud Mehta,Bur Dubai,Dubai,04-3352727
Life Al Badaa Pharmacy-Life,Shop#1, Al Badaa Bldg, P78 Al Badaa Dubai,Dubai
Life Al Barsha Fourth 2 Br Of Life,Shop No. 1, Prime Business Center A Al Barsha South Fourthplt240,Dubai,04-3441122
Life Al Barsha South Fourth Br-Life,G01-B, Manhattan Building Near Choithram, Jvc Village Al Barsha South 4Th Community,Dubai
Life Al Hamriya Br-Life,Unit A, Fathima Hypermarket Khalid Bin Al Waleed Rd Bur Dubai,Dubai,04-3571148
Life Al Mizhar First Br-Life,Unit No. 2630, Arabian Center Al Mizhar,Dubai,04-2360046
Life Al Riqqa Pharmacy-Life,Shop# F67, Opp: Carrefour Al Ghurair Center Al Riqqa,Dubai,04-2248362
Life Al Shab Pharmacy-Life,Shop 1 & 2, Malik Building Plot # 127-0422, Al Shaab Colony, Hor Al Anz
Life Al Warqa Pharmacy Llc-Life,Shop# 1 & 2, Al Kendi Bldg Al Warqa Dubai,Dubai,04-2865244
Life Al Yalayis 1 Br Llc-Life,Unit # Mira - Gf-005, Mira Town Centre, Reem Community,Dubai
Life Dip Pharmacy-Life,Near Choithrams Supermarket Market Mall Dip, Greens,Dubai,04-8851933
Life Island Pharmacy Br 3 Llc-Life,Unit #Ji-B5-Ri-05 D, Jumeirah Pavilion Master Community Dubai,Dubai,04-2434106
Life Mayfair Pharmacy Llc-Life,Shop #02, Mayfair Residence Tower, Business Bay, Dubai Dubai
Life Pearl Pharmacy-Life,#9, Marina Pearl Bldg  Dubai Marina,Dubai,04-5516770
Life Pharmacy 10 Br Of Life Pharmacy Llc,Shop No:6 Ground Floor,Al Fattan Shoppi Jbr Walk,Dubai,04-3441122
Life Pharmacy 109,Shop No: 4, 5 & 6 Plot 4620 Zen 4 Discovery Gardens Jebel Ali 1,Dubai,04-3441122
Life Pharmacy 12 Br Of Life Pharmacy Llc,Shop 1, The Tower Financial Centre Sheikh Zayed Road,Dubai,04-3441122
Life Pharmacy 19 Br Of Life Pharmacy Llc,Inside Carrefour, Mirdiff City Centre Mirdiff,Dubai,04-3441122
Life Pharmacy 21 Br Of Life Pharmacy Llc,Unit No: .Lg 168 Lower Ground Floor, Waitrose Dubai Mall,Dubai,04-3441122
Life Pharmacy 23 Br Of Life Pharmcy Llc,Retail Unit No. C-02 Ground Floor, Marina Diamond A Dubai Marina,Dubai,04-3441122
Life Pharmacy 25 Br Of Life Pharmacy Llc,Unit  6 To 12, Ajsm Investment Building Karama,Dubai,04-3441122
Life Pharmacy 26 Br Of Life Pharmacy Llc,Shop Num-6 ,Vcc A8 Arabain Ranches 1,Dubai,04 5610000
Life Pharmacy 27 Br Of Life Pharmacy Llc,Unit No. Ff01-1, First Floor Arabian Ranches Ii,Dubai,04-3441122
Life Pharmacy 3 Br Llc-Life,Lg01A, Next To Fitness First Deira City Centre Dubai,Dubai,04-2366021
Life Pharmacy 3 Llc-Life,Shop Fa-19, Dragon Mart 2 International City Dubai,Dubai,04-5135355
Life Pharmacy 45 Br Of Life Pharmacy Llc,Shop 4 To 8, Raja & Sister Bui Opposite To Al Kabayal Al Warqa,Dubai,04-3441122
Life Pharmacy 46 Br Of Life Pharmacy Llc,Shop No: 2 Talal Tower, Plot 231-326 Al Nahda,Dubai,04-3441122
Life Pharmacy 47 Br Of Life Pharmacy Llc,Unit 2 &3, Nshama Community Centre Town Square,Dubai,04-3441122
Life Pharmacy 48 Br Of Life Pharmacy Llc,Unit No. 1410 Ground Floor, Arabian Centre Al Mizhar,Dubai,04-3441122
Life Pharmacy 4-Life,Shop Lf15, Metro Link Ibn Battuta,Dubai,04-2779199
Life Pharmacy 5 Llc-Life,Shop #At040A, 1St Floor Dubai Festival City Mall Dubai,Dubai,04-2366623
Life Pharmacy 53 Br Of Life Pharmacy Llc,Prime Residence 1,  Al Warsan First,Dubai,04-3441122
Life Pharmacy 59,G075B, The Circle Mall Jumeirah Village Circle Jumeirah,Dubai,04-3441122
Life Pharmacy 68 Br Of Life Pharamcy Llc,Shop 02, Nesto Hypermarket Burj Nahar Mall Deira,Dubai,04-4566737
Life Pharmacy 70,Shop No: 06 & 07, Ground Floor Ground Floor, Gmm Tower Jumeirah Village Circle,Dubai
Life Pharmacy 72,Shop 29, 30 & 31 Avenue Mall Nad Al Shiba,Dubai,04-3441122
Life Pharmacy 76,Shop Gf 05, Plot 124-523 Al Faraa Building Al Rigga,Dubai,04-3441122
Life Pharmacy 79,Shop 3, Al Zarooni Bldg. Opposite Burjuman Center Al Karama,Dubai,04-3441122
Life Pharmacy 96,Shop 29, 30 &31 Geepas Commercial Center Al Warsan,Dubai,04-3441122
Life Pharmacy Br Lamcy-Life,Unit 134, Next To Icare Clinic Lamcy Plaza ,Dubai,04-3966711
Life Pharmacy Fz-Llc,Unit No. 09Ri, Build. No. 64 District 1, Block D, Ground Fl Dhcc
Life Pharmacy Llc Branch-Life,Shop # 1, Clover Bay Tower Business Bay Dubai,Dubai,04-3441122
Life Pharmacy Llc Dmcc Br,G11, Dubai Gate 1 Jumeirah Lakes Towers ,Dubai,04-3441122
Life Pharmacy Marina Br Of Life Pharmacy,Ground Floor Dec Dubai Marina Tower 2, Choitrams,Dubai,04-3441122
Life Rose Pharmacy-Life,Shop 10, E07 Bldg, Plot 67, China Cluster International City
Life Trident Pharmacy-Life,Shop # R01 Near Marina Hotel Appartment, Next To Blue Mart Supermarket,Marina Scape Tower,Dubai
Life Two Pharmacy Llc Br-Life,Shop # G84 & G85, Bay Avenue Next To Whsmith Business Bay,Dubai,04-5520750
Life Two Pharmacy Llc-Life,Al Kawakeb Bldg A, 1St Interchange, Sheikh Zayed Road,Dubai
Life Vision Pharmacy Llc-Life,Shop G+1, Vision Tower, Business Bay, Dubai Dubai
Live Care Pharmacy,Ground Floor,Shoppers 13Th Street Jebel Ali,Dubai,04-8845562
Mansion Pharmacy-Life, Marina Mansion Tower,Next To Marina Mall Dubai Marina Dubai Marina,Dubai,04-4537262
Marsa Life Pharmacy Llc-Life,Shop #7, Mag 218 Dubai Marina Dubai,Dubai,04-4298431
Meadows Life Pharmacy Br Of Life Pharmac,Shop No. 5&6 Bldg No: Zen 2-020, Plot 169 Discovery Gardens,Dubai,04-3441122
Med Save Pharmacy (Aster),Al Barajeel Complex,Union Bank 47Th Street Mirdif,Dubai,04-2847600
Medicine Shoppe Micro Pharmacy (Aster),Beside Mall Of Emirates Behind Saratoga Bldg, Shop #15 Barsha 1,Dubai,04-3237939
Medicom 5(Emirates Coop Phar)(Aster),Emirates Co-Op Society Tuwar Street Qusais,Deira,Dubai,04-2649929
Medicom Ph 10 (Al Saba Phar)(Aster),Near Uptown Mall Al Khaja Real Estate Uptown Mirdif,Deira,Dubai,04-2885995
Medicom Ph 11 (New Flame Phar)(Aster),Nearby Eppco Petrol Pump Oppos Tuwar Street Qusais,Deira,Dubai,04-2611551
Medicom Ph 13 (Home Phar)(Aster),Opp. Karama Centre Opp. Al Attar Shopping Mall Karama,Bur Dubai,Dubai,04-3977739
Medicom Ph 2 (Al Wasl Phar)(Aster),Mercato Centre Jumeirah Beach Road Jumeirah 2,Bur Dubai,Dubai,04-3448333
Medicom Ph 8 (Century Mall)(Aster),Century Mall Wuheida Street Hamriya,Deira,Dubai,04-2965040
Medicom Ph7 (Al Shoala -Flame )(Aster),Al Mizhar Mall Ground Floor, B Mizhar Ii Deira,Dubai,04-2876804
Medicom Pharmacy 1 (Jameya Phar)(Aster),Nr.Co-Op Society Tuwar Street Qusais,Deira,Dubai,04-2633677
Medicom Pharmacy 4 (Town Phar)(Aster),Town Centre Juemirah Beach Road Jumeirah,Bur Dubai,Dubai,04-3440077
Medilife Pharmacy-Life,Shop #1, Choithram Bldg Plot B/1416, Opp: Safa Park Al Wasl,Dubai
Modern Bin Sina Pharmacy,Al Diyafa Building 2Nd December Street Diyafah,Bur Dubai,Dubai,04-3986026
New Al Kanz Pharmacy Br R-Life,Shop Mag 214, Jlt Cluster R Dubai,Dubai,04-5521830
New Bin Sina Ph, Dhcc,Hmc Building # C/P 55 Oud Metha Road Dhcc,Dubai,04-4298242
New Doha Pharmacy Llc-Life,Near Crown Plaza, Nbd Building Sheikh Zayed Road Sheikh Zayed Road,Dubai,04-3328385
New Ibn Sina Pharmacy,Deira City Center Baniyas Street Port Saeed,Deira,Dubai,04-8105493
New Sanaiya Pharmacy (Sanaiya),Muhaisnah 2, Sonapur Al Abbar Complex Nxt To Madina Supermarket,Dubai,04-2648202
Nice Life Pharmacy(Br Of Aster Pharmac,Ground Floor, Shop No:Ag 12, Al Hudaiba Awar Jumeirah 1,Dubai
Noor Al Iman Pharmacy-Life,Shop #1, Plot # 356-257 Jumeirah 3 Sheikh Zayed Road,Dubai,04-3861263
Noor Al Mamzar Pharmacy-Life,Shop # 18, Ab Plaza 1 Near Canadian Specialist Hosp Al Mamzar,Dubai,04-2669299
Noor Almadina Pharmacy L.L.C,Fnc Camp Building No: 101, Ground Floor Al Quoz 3,Dubai,04-3306606
Palace Pharmacy (Luqman Grp),Abu Hail Street Hor Al Anz, Hadeer Supermarket Deirah,Dubai,04-2690606
Palm Strip Pharmacy - Jumeirah -Life,Opp. Jumeira Grand Mosque Jumeira Beach Road, Dubai Palm Jumeirah,Dubai,04-3862335
Primacare Pharmacy (Primacare),Musalla Tower Bank St Khalid Bin Al Walid Al Hamriya,  Bur Dubai,Dubai,04-3705080
Real 10 Pharmacy-Life,Shop 1, Elite Bldg, Opp: Lulu Hypermarket Al Barsha,Dubai
Real 4 Pharmacy-Life,483, Shop 3, Escape Tower, Near Business Bay Metro Business Bay
Real 6 Pharmacy-Life,Shop # 1, Al Salaam Tower Sheikh Zayed Road Chelsea,Dubai,04-3529988
Real 7 Pharmacy Dmcc Branch(Life),Shop Pl-7, Lake Terrace Cluster D Jumeirah Lakes Tower,Dubai,04-3441122
Real 7 Pharmacy Jlt Br-Life,Unit # Gs03, Plot # Jlt Phase 1-A3 Lake Side Res Tower Jlt, Dubai,Dubai
Real 7 Pharmacy-Life,Ground Floor, E3, Sabah Tower1 Jumeirah Lake Towers Dubai,Dubai
Royal Grand Pharmacy-Life,Shop No10 Block P 13,France Cl Internation City International City,Dubai,04-4474078
Samari Rx Pharmacy (Imara),Samari Retail Mall Next To Samari Residence Oman/Hatta Road, Ras Al Khor,Dubai,04-3330538
Samary Pharmacy Branch Llc,Jafza Mall  Jafza Mall,Jebal Ali,Dubai,04-44817530
Sara Pharmacy-Aster Grp,Nr.Spinneys Trade Centre Road Trade Centre,Bur Dubai,Dubai,04-3593330
Sustainable Life Pharmacy Llc-Life,B-1, The Sustainable City, Al Wadi Al Safa 7, Dubai
Town Square Life Pharmacy Br Of Life Pha,Unit No. 4, Ground Floor Town Square,Dubai,04-3441122
Yacoub Pharmacy (Aster),Alain Ctr, Computer Plaza Khalid Bin Waleed Road Bur Dubai,Dubai,04-3523332
Yassat Life Pharmacy (Life),Shop No. 7 & 8 Ground Floor , Caliber Plaza Dubai Production City,Dubai,04-3441122
Yassat Life Pharmacy Llc-Life,Shop 1, Yassat Gloria Hotel Tecom Dubai,Dubai,04-3792799
Life Pharamcy 106,Shop No: 01, Plot No: 360, Aurion Residence, Jumeirah Village Circle
Life Pharmacy 116,Shop No: 04, Bayz By Danube, Business Bay, Dubai Uae
Life Pharmacy 117,Plot No: 278, Retail No: 6, Al Barsha South Third, Arjan
Life Pharmacy 101,Enoc Site 98, Shop 3, Beirut St, D 60
Life Pharmacy 102,Enoc Site 1005, Shop 5, Marrakech St, Umm Ramool
Life Pharmacy 104,Enoc Site 1060, Unit 4 (Rest4) Sheikh Zayed Road, Internet City, Dubai
Life Pharmacy 110,Retail Unit 16, Lago Vista-B Building, Me’Aisem 1, Impz
Life Pharmacy 107,Shop No 13, 14 Waters Edge Building, Business Bay,Dubai
Life Pharmacy 45,Shop No.2, Bfl Showroom (Ex Brands For Less),Dubai,04-3441122
Life Pharmacy 103,Enoc Site 1039, Shop 3, Dubai Sports City, Dubai
Life Pharmacy 120,Plot No: 2680435, Shop No. 7 (Ex Aqua Pharmacy), Madina Supermarket, Arab Mall
Life Pharmacy 118,Plot No: Afmu029A, Sawan Residency, Jebel Ali Village, Al Furjan
Life Pharmacy 122,Plot No: 241-498, Shop No: 1, Abdulla Abdull Rasool Building, Al Nahda 2
Life Pharmacy 121,Plot No: 2823154, Shop No. 1, Q 1 Khawaneej Mall, Al Khawaneej 2
Life Pharmacy 108,Unit No. Dhm-Lg-007, Dubai Hills Mall,,Dubai
Life Pharmacy 105,Shop No: 01+M, Plot No: 232-113, Bin Dahi Building, (Sindabaad Bakery
Aster Pharmacy 139,Khorfakan Police Station R/O Opp Adnoc Petrol Station Sheikh Khalid Road, Khorfakkan,Fujairah,09-2371301
Health First Pharmacy 21-Julphar,Shop # 1 , Ground Floor Dana Plaza Cinema Al Madhab Street,Fujairah,04-7016008
Health First Pharmacy 26-Julphar,Shop # 3, Ground Floor, Souq Extra Mirbah Next To Mirbah Ladies Center,Fujairah
Life Pharmacy Fujairah Br 3,Shop No#2,Saleh Bin Lahej Building,Sakakam Street,Fujairah
Life Pharmacy Fujairah Br 2,Shop No: 1, Sultan Al Shamsi Bldg- Al Fujairah 123,Fujairah,04-3441122
Hala Pharmacy 21-Life,Opp To Emirates Market, Sheikh Mohammad Bin Salem Road, Al Nadiyah,Ras Al Khaimah
Hala Pharmacy 22-Life,Sheikh Rashid Bin Saeed Road, Al Kharran, ,Ras Al Khaimah
Health First Pharmacy 50 (Julphar),Ahmed Ben Sagar Bldg, Opp: Rak Bank,Sheikh Muhammad Bin Salem Rd, Al Nadiyah
Health First Pharmacy 51-Julphar,Shop # Gf34, Ground Floor Naeem Mall, Opp To Spinneys Al Jazah Road, Bin Daher St
Life Pharmacy Rak,Shop 5 & 6, Nesto Hypermarket Sheikh Abdulla Bin Mohammed Rd Al Qusaidat,Ras Al Khaimah,04-3441122
Life Pharmacy Rak Br 1,Shop No: 01, Gulf Hypermarket Llc, Al Muntasir Road, Nakheel Street
Life Pharmacy Rak Br 2,Shop No: 01, Unit: 1, Venice Avenue, Rak Al Dhait South
Alnajim Alazraq Pharmacy-Life,Shop 1, Damas 57 Bldg Next To Ansar Mall Al Ittihad Rd, Al Nahda,Sharjah
Aster Pharmacies Group Llc- Shj Br - Br5,Rashid Building, Shop No:1 Near Al Madina Shopping Center Muwailiah,Sharjah,06-5538496
Aster Pharmacies Group Llc -Shj Br -Br,Shop No.2, Bin Thareem Buildin Muwailah Commercial Road Muwailah,Sharjah,06-5321063
Aster Pharmacy 106 (Moopens),Goldensands Bldg Near To Shafeer Mall Al Ittihad Rd, Al Nahda,Sharjah,06-5749669
Aster Pharmacy 133,Next To Fine Fair Bldg Opp Sharjah Coop Society Al Sharq St, Butina,Sharjah,06-5619322
Aster Pharmacy 153,Suroor Building Beside City Exchange Al Nahda Park, Al Nahda,Sharjah,06-5543020
Aster Pharmacy 203,Shop 1, Arab Doctor Building Al Taawun,Sharjah,06-5396955
Golden Life Pharmacy,Sharjah-Life,Bin Jalawi Centre Next To Al Y Taawun Street Mamzar,Sharjah,06-5775501
Hala Pharmacy 55,Shop 01, Ground Floor Al Shamsi Building Muweliah Commercial Area,Sharjah,04-3441122
Hala Pharmacy Br 19-Life,Al Alami Centre, Near Spinneys  King Faisal Street,Sharjah,06-5560640
Hala Pharmacy Br 52,Shop 13 & 14, Plot No. 3088 Muweliah Bldg. Muweliah Commercial Area,Sharjah,04-3441122
Hala Pharmacy Br 5-Life,Shop No 1,2 &14 Rolla Building Rolla,Sharjah,06-5218353
Hala Pharmacy Ll Branch 11-Life,Choithram Bldg, Buf Year 222 Plot 374 Al Qassimiya,Sharjah,06-5454123
Hala Pharmacy Llc - Branch 28,Shop 1 Unit No. 1006, Oasis Malls Sharjah,Sharjah,04-3441122
Hala Pharmacy Llc Br 3-Life,Shop 02, Bufyeer 222 Bldg, Near Al Bustan Hotel Al Qassimiya, Sharjah
Hala Pharmacy Llc Br 40- Life,Unit No. G07 To G 13 Al Ameer Tower, Ground Floor Al Nahda,Sharjah,04-3441122
Hala Pharmacy Llc Br18-Life,Shop G2, Salem Tower Plot 430 Near United Arab Bank, Opp To Al Noor Mosque Al Majaz,Sharjah
Hala Pharmacy Llc-Branch 26 (Life),G09 & G10, My City Centre Al Nasseriya,Sharjah,06-5220367
Health First Pharmacy Br 6-Julphar,Shop # 1, Ground Floor Sharjah Cooperative Al Sharq St,Sharjah,04-7016008
Health First Pharmacy Shj (Julphar),Shop 4-2A, Corniche Next To Subway Restaurant Al Majaz 2,Sharjah,06-5643275
Sahara Life Pharmacy-Life,B-04, Next To Spinneys Sahara Centre ,Sharjah,06-5566349
Life Pharmacy Shj Br 3,Unit No: M21, M22, & M23, Misk 1
Life Pharmacy Shj Br 6,Shop No: 04,  Malik Fisal Building, Plot No: 336, King Fisal Street
Al Mulla Pharmacy-Life,Carrefour Express, Shop# 6 King Faizal Road King Faizal Road,Umm Al Quwain,06-7647364
Life Pharmacy Llc - Branch 33,Shop No. B08/09 Basement Flr, Opp To Carrefour Marina Mall,Abu Dhabi,04-3441122
Medi Prime Pharmacy Reef Mall,3Rd Floor, Reef Mall Near Babyshop, Opp: Gold'S Gym Salahuddin, Deira
Aster Hospital Pharmacy (Aster),Bur Dubai Al Mankhool Al Rafa St, Near Sharaf Dg,Dubai,04-4546001
Amber Pharmacy ,Shop5A, Qusais Manzil Bldg Shaikh Colony Al Qusais 1,Dubai,04-3558458
Amber Pharmacy LLC Br ,Bldg 1084, Shop 3 Masakeen Al Muteena 03 Al Muteena St Deira ,Dubai,04-2692307
Hope Pharmacy,Gcc New Office Building,Ground Floor  Baniyas ,Abu Dhabi,02-5552687
Al Noor Village Pharmacy Llc,Shop No 21, Gf Mango Hypermarket Muhaisnah 4,Dubai,04-3246295
